Date,00:00-00:15,00:15-00:30,00:30-00:45,00:45-01:00,01:00-01:15,01:15-01:30,01:30-01:45,01:45-02:00,02:00-02:15,02:15-02:30,02:30-02:45,02:45-03:00,03:00-03:15,03:15-03:30,03:30-03:45,03:45-04:00,04:00-04:15,04:15-04:30,04:30-04:45,04:45-05:00,05:00-05:15,05:15-05:30,05:30-05:45,05:45-06:00,06:00-06:15,06:15-06:30,06:30-06:45,06:45-07:00,07:00-07:15,07:15-07:30,07:30-07:45,07:45-08:00,08:00-08:15,08:15-08:30,08:30-08:45,08:45-09:00,09:00-09:15,09:15-09:30,09:30-09:45,09:45-10:00,10:00-10:15,10:15-10:30,10:30-10:45,10:45-11:00,11:00-11:15,11:15-11:30,11:30-11:45,11:45-12:00,12:00-12:15,12:15-12:30,12:30-12:45,12:45-13:00,13:00-13:15,13:15-13:30,13:30-13:45,13:45-14:00,14:00-14:15,14:15-14:30,14:30-14:45,14:45-15:00,15:00-15:15,15:15-15:30,15:30-15:45,15:45-16:00,16:00-16:15,16:15-16:30,16:30-16:45,16:45-17:00,17:00-17:15,17:15-17:30,17:30-17:45,17:45-18:00,18:00-18:15,18:15-18:30,18:30-18:45,18:45-19:00,19:00-19:15,19:15-19:30,19:30-19:45,19:45-20:00,20:00-20:15,20:15-20:30,20:30-20:45,20:45-21:00,21:00-21:15,21:15-21:30,21:30-21:45,21:45-22:00,22:00-22:15,22:15-22:30,22:30-22:45,22:45-23:00,23:00-23:15,23:15-23:30,23:30-23:45,23:45-00:00,Baseload,Peakload
2025-10-01,68.61,67.13,64.43,63.94,65.59,64.21,63.9,63.64,63.66,63.57,63.55,63.3,63.78,63.75,63.76,63.72,63.56,63.79,64.21,63.78,63.09,65.02,67.56,69.27,68.34,69.44,69.87,70.22,78.03,80.56,82.94,83.72,97.7,84.99,78.72,73.22,85,73,72.26,69.84,74.33,72.04,68.76,63.54,67.37,64.38,62.93,60.59,63.16,62.83,63.04,62.83,63.15,63.18,63.16,63.15,62.42,63.36,64.38,67.38,63.21,66.35,68.52,68.81,63.66,68.74,69.67,70.33,68.04,72.68,76.94,77.69,83.77,84.57,85.34,86.17,82.38,81.66,81.76,81.48,85.31,85,76.96,74.09,76.97,76.74,75.03,70.42,71.74,71.55,70,66.98,68.81,67.43,66.41,64.06,70.35,71.51
2025-10-02,67.95,67.88,64.75,64.7,67.4,66.63,65.57,65.34,64.71,63.88,63.81,63.77,63.43,63.46,63.44,63.33,63.28,63.36,64.54,65.88,63.3,66.49,68.6,68.92,68.19,69.97,70.3,71.44,75.9,76.92,78.81,79.16,89.99,91.16,77.34,69.79,82.47,74.23,69.65,68.8,71.62,71.57,71.12,70.19,69.93,69.93,66.84,63.6,65.28,63.18,62.16,61.75,56.12,58.26,59.17,59.97,60.8,63.12,65.33,67.29,62.85,64.79,67.06,68.03,64.73,68.04,68.04,68.03,65.28,66.89,70.67,70.78,70,70,70,70,72.6,72.67,72.54,72.24,70.86,70.47,68.26,68.05,68.32,68.1,66.24,66.1,64.94,63.88,63.53,63.17,63,61.9,59.9,52.91,67.61,68.66
2025-10-03,54.53,54.82,54.59,54.37,53.33,52.76,50.09,49.43,47.89,47.51,45.61,44.46,42.29,42.09,42.08,42.08,47.84,48.45,50.1,48.42,49.99,51.34,54.36,54.66,55.77,56.19,56.69,57.07,64.37,64.04,63.81,64.19,72.31,72.37,70.14,64.56,71.51,66.17,61.65,56.67,60.87,56.8,54.44,49.48,48.35,44.2,41.75,32.67,33.47,28.09,25.37,21.71,21.83,20.05,20.24,22.01,17.87,24.43,29.88,39.2,34.73,44.75,50.09,53.69,50.18,54.47,56.7,58.4,55.24,58.83,59.91,62.59,64.17,67.58,67.58,67.43,67.03,65.65,62.63,60.02,60.08,59.3,55.41,53.05,51.98,46.21,40.89,25.45,27.47,20.68,21.17,20.02,18.38,8.44,7.1,2.66,47.64,49.79
2025-10-04,7.03,6.67,5.92,6.1,11.96,12.14,12.11,12.06,11.22,9.94,8.94,6.99,8.12,5.73,5.47,5.31,5.71,6,4.63,3.57,2.9,2.7,2.7,2.58,2.74,3.12,2.94,2.79,2.68,2.34,2.5,2.57,12.2,12.54,12.64,11.69,2,1.59,1.81,1.82,1.45,1.46,1.43,1.54,1.68,1.74,1.81,1.82,1.95,1.96,1.95,2.37,1.48,1.74,1.74,1.73,1.53,1.49,1.5,1.14,1.46,1.45,1.5,1.5,1.16,1.34,1.5,1.81,2.7,3.25,2.89,3.72,2.13,1.97,2.27,2.44,6.73,6.75,5.79,5.08,6.4,6.01,4.89,4.05,3.6,2.7,2.55,2.4,2.55,2.42,2.4,2.12,3.58,3.33,3.32,2.8,4.07,3.07
2025-10-05,1.83,1.73,1.29,1.5,0,-0.07,-0.08,-0.09,-0.59,-0.6,-0.6,-0.6,-0.25,-0.27,-0.27,-0.32,-0.54,-0.57,-0.57,-0.57,-0.49,-0.46,-0.38,-0.38,-0.39,-0.15,-0.07,-0.04,0,0.35,0.78,1.24,1.99,1.92,1.98,1.9,1.51,1.86,1.14,1.14,2.87,2.29,2.31,1.6,1.63,1.51,1.6,1.83,1.29,1.68,1.78,1.33,1.26,1.05,1.14,1.41,2.33,2.41,2.31,0.77,2.7,-0.03,-0.05,-0.04,-0.08,-0.07,0.01,0.08,3.34,3.69,5.37,10.33,5.57,11.05,20.58,28.89,21.89,27.8,43.26,44.78,40.48,25.33,14.26,7.37,8.17,5.31,4.9,4.3,5.93,5.02,6.15,4.38,5,4.22,4.07,3.46,4.43,5.77
2025-10-06,28.58,25.14,20.62,18.35,19.29,15.07,12.73,10.04,7.64,9.65,10.95,10.43,10.86,10.85,11.38,11.2,11.24,18.6,18.42,20.64,8.07,10.22,25.62,48.89,46.94,58.6,59.92,67.91,67.39,72.3,74.96,81.35,83.34,86.9,82.54,80.24,86.69,81.72,80.48,76.97,77.88,73.57,70,66.33,70.27,68.57,67.02,65.78,64.43,65.18,65.68,66.98,65.95,67.93,66.94,66.23,64.84,66.87,70.58,69.56,67.64,68.96,70.65,72.93,68.89,73.57,79.62,85,73.02,80.82,84.29,95.42,81.68,86.28,105.74,124.05,114.33,120.8,116.99,113.97,104.7,93.61,88.95,85.03,85.26,84.98,80.46,78.95,86.77,79.85,78.81,75.34,77.08,73.49,71.44,69.46,62.94,79.25
2025-10-07,71.84,70.92,68.48,67.19,69.05,66.73,66.32,64.3,64.88,63.64,64.02,63.48,63.94,63.53,63.89,63.59,62.92,63.26,65.76,67.32,63.08,65.92,69.5,74.51,75.04,82.89,85.72,92.89,93.59,116.34,139.04,143.47,139.48,134.65,132.21,130.38,80.71,80.7,80.71,80.71,107.51,94.93,86.07,80.99,90.61,84.47,80.73,77.89,82.45,79.06,76.67,75.53,77.74,75.16,74.5,73.22,73.55,74.32,74.6,74.8,72.79,74.52,78.75,82.89,72.33,75.85,79.24,80.73,78.41,80.75,80.75,80.76,79.05,79.05,79.04,79.03,78.28,79,79.03,79.04,80.79,80.79,80.79,78.29,83.59,79.06,73.78,71.75,74.36,73.33,71.3,68.06,68.71,67.13,66.38,65.21,79.63,84.24
2025-10-08,63.94,65.25,66.67,67.85,67.28,66.82,66.47,66.01,66.46,66.29,66.08,65.86,65.45,65.44,65.46,65.41,62.06,62.62,62.8,63.09,63.6,64.98,65.49,67.85,69.66,70,70.68,71.05,73.27,73.75,74.83,76.6,79.77,80.02,79.31,78.29,73.79,73.72,73.35,73.19,74.79,74.79,74.75,73.32,78.62,73.39,71.04,68.74,71.1,70.05,69.55,69.11,71.02,70.89,70.65,70,67.87,67.93,67.92,69.83,68.44,68.74,70.06,72.72,67.99,68.46,68.58,69.29,70.99,73.74,73.72,73.79,73.78,75.42,78.25,78.69,85.18,85.65,85.68,84.09,80.15,79.31,73.76,72.2,71.39,70.98,70.86,70.76,71.78,71.84,71.67,70.26,70.77,69.63,68.01,67.14,71.14,73.54
2025-10-09,68.8,69.99,69.12,68.71,69.78,69.09,68.77,68.72,68.7,68.34,68.05,67.78,67.13,67,66.88,66.75,66.23,66.2,66.14,66.07,65.89,65.93,65.97,67.09,66.82,70.41,73.53,73.9,74.35,74.61,74.79,74.81,75.61,75.64,75.62,75.64,76.2,74.64,71.79,67.59,72.24,69.34,67.86,67.69,68.76,68.76,68.74,68.71,70.01,69.98,68.8,68.74,66.71,66.06,65.77,63.45,63.14,62.72,62.77,63.12,62.21,61.94,61.72,61.14,62.16,62.18,62.28,62.52,63.25,64,64.27,64.92,65.18,65.67,65.92,65.94,65.12,64.99,64.94,64.2,62.28,60.86,59.96,59.08,56.2,54.69,54.2,53.31,52.8,50.7,49.66,47.36,47.17,45.41,43.16,39.46,65.14,66.89
2025-10-10,27.02,42.65,40.45,38.25,46.5,44.98,43.96,40.01,49.7,47.09,47.09,43.58,47.82,42.7,41.86,39.75,42.73,40.24,39.39,39.15,42.67,43.64,48.42,54.36,58.95,62.64,63.99,64.91,67.37,67.99,68.01,68.03,68.05,68.04,68.03,68.03,67.15,66.68,66.14,65.55,64.62,63.94,62.66,61.33,58.71,57.92,57.34,56.38,56.54,55.68,54.98,54.58,53.58,52.68,52.2,51.68,50.15,50,50,49.99,49.96,49.99,50.17,52.46,57.15,57.96,59.28,61.38,62.8,64.15,64.6,64.68,64.57,64.58,64.63,64.62,64.81,64.89,64.95,65.02,64.93,64.99,64.77,64.48,64.61,64.33,64.06,63.46,63.05,62.52,62.09,61.33,60.84,59.26,58.05,57.95,56.48,59.69
2025-10-11,63.15,62.21,61,60.32,59.73,58.87,58.07,56.79,59.8,58.54,57.96,56.81,57.96,57.93,57.91,56.27,56.9,56.72,56.24,55.88,56.98,57.43,57.91,57.94,62.57,63.08,63.59,63.99,65.87,66.51,66.87,67.58,68.29,68.3,68.3,68.29,68.21,68.11,67.57,67.45,67.58,67.34,66.62,65.95,65.27,65.11,64.97,62.39,61.28,57.48,50.18,48.13,49.99,48.16,44.29,46.26,42.9,46.97,51.03,58.98,60.22,64.95,67.06,67.84,65.79,68.66,69.2,69.87,68.05,68.89,70.91,72.26,69.85,70.63,72,73.2,72.19,72.28,72.4,71.62,69.99,70,69.5,68.74,69.47,68.76,68.91,68.9,68.69,67.52,67.52,67.52,66.33,66.3,66.33,66.34,63.27,63.82
2025-10-12,67.84,67.99,68.21,68.13,67.92,67.91,67.9,67.81,67.93,67.93,67.92,67.91,67.61,67.43,67.28,66.91,66.05,65.96,65.87,65.8,64.43,64.53,64.56,64.79,64.04,64.47,65,65.44,66.26,66.64,66.97,67.33,67.94,67.99,68.24,68.44,68.57,68.85,68.84,68.91,69.01,69.19,68.45,67.97,69.57,68.8,68,67.43,66.7,65.41,64.09,62,56.56,54.52,51.84,50.28,54.55,58.76,64.19,66.97,67.92,68.57,69.05,69.06,69.21,69.36,70.59,71.68,68.78,69.73,71.99,74.69,72.91,73,73.08,73.15,74.95,74.87,74.62,74.37,74.28,73.79,73.28,72.74,72.19,71.09,70.11,69.98,70.64,69.14,68.88,68.5,67.9,67.11,66.96,66.8,67.71,67.58
2025-10-13,69.09,69.99,69.9,69.47,69.71,69.19,69.67,69.71,69.97,69.9,68.99,68.98,70.48,70.17,69.99,70.11,70.95,70.95,71.38,72.53,72.23,73.96,75.9,77.32,74.76,75.51,76.38,77.58,76.67,83.3,86.85,90.12,96.06,87.99,81.94,81.92,81.9,80.58,79.47,77.64,81.69,80.33,79.52,78.3,80.15,78.48,77.43,77.36,76.49,76.15,75.97,75.9,75.16,75.12,74.97,74.6,74.35,74.53,74.97,75.08,75.76,75.65,75.81,75.88,75.93,76.53,76.61,76.74,75.69,75.83,81.96,84.99,79.81,83.9,84.01,84.02,84.06,84.06,84.05,84.02,77.34,76.46,74.81,74.49,74.8,74.49,74.4,74.29,74.91,74.71,74.43,74.2,72.78,72.39,72.17,72.11,76.35,79.15
2025-10-14,73.67,73.63,73.49,73.38,72.38,72.36,72.33,72.31,71.99,71.87,71.78,71.68,72.11,72.11,72.12,72.17,72.08,72.14,72.27,72.33,71.47,72.03,72.1,72.36,72.37,73.55,75.57,77.39,76.79,81.06,81.37,83.65,127.9,122.98,117.03,113.27,118.37,104.69,96.17,89.32,139.9,110.47,97.99,85.55,81.05,79.93,76.51,75.29,81.08,80.6,79.88,78.91,75.8,75.74,75.66,75.49,75.83,75.78,75.68,75.73,76.4,76.28,76.46,83.5,81.05,83.63,91.84,129.73,102.98,111.9,142.19,242.44,147.94,203.91,276.08,297.05,278.54,247.31,205.06,159.72,173.38,114.96,84.2,74.49,84.44,78.93,72.88,72.43,73.5,72.42,72.39,72.34,72.65,72.53,72.4,72.34,97.61,118.26
2025-10-15,70,69.99,69.97,69.96,69.88,69.8,69.75,69.76,69.51,69.49,69.48,69.47,69.45,69.43,69.39,69.33,69.36,69.29,69.18,69.14,69.22,69.65,69.83,69.95,69.99,70.12,71.37,72.37,74.56,82.11,92.42,95.65,109.55,96.6,83.58,75,82.46,75,73.4,73.22,72.7,72.38,72.33,71.77,70.85,70.48,70.24,70,71.11,70.82,70.79,70.73,70.01,70,70,69.99,69.72,69.83,69.96,70,71.67,72.1,72.34,72.47,72.34,72.39,72.62,72.95,72.67,72.98,74.22,74.51,73.95,74.56,74.99,74.97,72.63,72.52,72.41,72.31,72.34,72.8,72.52,72.39,73.31,72.8,72.66,72.44,73.62,73.44,73.05,71.86,72.4,72.05,71.42,70.65,72.95,73.84
2025-10-16,69.75,68.3,68.21,68.01,67.67,67.53,67.37,67.18,67.88,67.75,67.68,67.48,67.16,67.02,67.02,67,66.68,66.96,67.16,67.35,66.3,66.35,66.64,66.32,65.06,66.21,66.25,67.04,67.46,67.78,68.35,69.62,71.01,71.18,70.48,68.4,74.98,72.21,69.78,69.53,68.37,68.35,68.32,68.32,68.32,68.33,68.33,68.15,66.28,66.17,65.86,65.58,67.11,66.83,66.9,67.06,66.14,66.24,66.3,67.29,66.28,67.34,68.26,68.27,65.71,68.31,68.32,68.32,67.23,67.53,69.01,72.03,67.99,68.13,68.84,70.49,69.37,70.33,70.61,69.69,70.69,68.65,69.71,68.87,69.42,68.38,68.33,68.2,68.4,68.73,69.4,68.71,69.12,68.82,68.67,68.45,68.14,68.41
2025-10-17,68.75,68.56,68.44,68.32,68.49,68.41,68.37,68.34,68.11,68.14,68.16,68.23,68.38,68.46,68.5,68.47,69.19,69.29,69.32,69.45,69.29,69.33,69.59,69.6,69.34,69.81,70.28,70.9,70.75,71.07,72.24,74.39,73.31,73.41,73.49,73.58,73.71,73.59,73.52,73.57,72.94,72.7,72.63,72.51,73.69,73.6,73.51,73.51,72.53,72.64,72.61,72.7,71.79,71.77,71.74,71.65,70.7,70.81,70.84,70.92,70,70.47,70.78,71.14,71.33,72.06,72.3,74,72.15,72.86,72.96,73.5,73.36,73.51,73.65,73.9,72.01,71.93,71.65,71.39,71.07,70.71,70.46,70.17,71.2,70.84,70.59,70.31,72.05,71.65,71.39,71.07,71.06,70.81,70.58,70.22,71.16,72.48
2025-10-18,71.98,71.94,71.87,71.83,71.98,71.94,71.9,71.85,71.8,71.74,71.7,71.65,71.73,71.68,71.65,71.6,71.55,71.52,71.46,71.42,71.86,71.85,71.86,71.86,73.11,73.64,74.02,74.49,75.3,75.75,74.54,74.99,75.41,75.71,75.93,76.51,76.34,76.57,76.49,72.72,77.66,77.5,77.44,73.62,76.57,75.96,75.21,70.7,75,72.96,69.11,67.34,66.37,65.5,65.5,66.15,66.56,67.56,69.68,74.51,69.26,74.35,74.7,74.79,70.32,75.82,76.38,78.81,75.33,76.1,78.22,78.9,77.8,78.28,78.81,78.84,79.22,79.32,78.88,78.89,78.84,78.83,78.82,78.51,81.35,81.31,79.17,78.22,75.73,75.11,74.64,73.88,72.65,72.09,71.84,71.3,74.06,74.37
2025-10-19,71.08,70.86,70.78,70.71,67.84,67.82,67.8,67.78,67.07,67.05,67.04,67.03,66.68,66.67,66.78,66.77,67.63,67.63,67.62,67.62,67.2,67.18,67.16,67.14,66.64,66.61,66.58,66.57,66.81,66.8,66.81,66.86,67.67,67.73,67.65,67.38,71.22,68.51,67.75,66.73,66.88,66.43,65.9,57.95,65.27,58.4,54.86,51.56,51.08,46.24,38.83,29.13,32.48,29.91,29.99,36.74,40.23,43.04,49.2,54.18,54.17,58.18,63.98,66.03,61.18,66.23,66.83,67.66,68.18,69.46,69.85,69.99,70.87,70.94,70.13,69.89,70.49,68.99,68.67,67.63,68.56,67.76,67.39,66.71,66.36,65.98,65.39,62.54,65,64.29,63.42,58.3,59.99,56.86,56.4,53.1,62.74,59.42
2025-10-20,56.12,59.16,59.05,56.25,57.04,55.82,54.61,54.26,56.06,54.73,53.7,51.89,54.62,52.89,52.01,51.2,51.55,53.88,55.16,56.38,55.36,57.91,59.19,59.18,59.07,59.79,60.95,62.35,67.1,68.57,70.06,70.26,78.83,78.83,78.85,78.67,75.43,74.95,72.19,68.77,69.1,68.04,64.82,60.89,63.56,62.17,60.73,59.78,60.57,58.25,56.18,58.63,58.32,59.99,60.02,60,59.34,60.68,64.82,67.34,65.79,67.43,67.62,67.95,68.81,69.03,69.22,69.65,71.77,71.58,71.29,71.08,72.95,72.53,72.19,71.7,69.99,69.93,69.64,68.38,65.92,65.09,64.65,64.67,62.53,62.51,60.55,59.06,59.99,59.95,59.34,56.65,54.62,54.97,51.93,47.6,62.86,67.46
2025-10-21,50.27,54.7,53.86,49.96,53.73,48.76,43.87,32.79,44.99,35.62,31.84,20.62,32.85,23.1,18.01,17.53,20.85,21.55,31.56,38.09,45.14,49.48,54.11,57.84,54.07,59.52,63.13,64.55,67.95,69.78,69.94,70.09,71.37,71.45,70.87,70.3,69.99,69.93,69.81,67.18,69,67.94,64.19,62.28,64.8,63.2,60.78,57.08,58.36,54.99,52.14,50.05,48.9,46.72,39.26,38.08,29.2,34.99,45.71,50,50,56.13,60,62.73,59.98,63.8,65.57,66.81,65.36,68.36,69.84,70.18,70.89,70.99,70.86,70.32,69.99,69.16,68.44,67.96,67.02,65.84,65.47,64.98,64.14,63.65,63.46,63.18,62.53,62.57,62.75,62.7,62.54,62.48,62.51,60.66,56.28,61.17
2025-10-22,56.28,56.47,56.48,56.5,54.91,54.94,55.04,55.28,54.87,55,56.1,56.27,56.99,56.89,56.89,56.69,59.01,58.91,58.59,58.8,59.3,59.43,59.78,60.15,66.67,67.52,67.66,68.08,69.99,70.49,70.87,71.13,72.18,71.7,71.76,72.52,72.91,72.93,72.88,72.76,71.68,71.62,71.59,71.51,71.53,71.51,71.49,71.37,71.38,71.4,71.44,71.42,72.94,73.08,73.21,72.67,74.43,74.53,74.56,74.76,72.73,73.12,73.3,73.42,74.9,75.09,75.38,75.45,76.55,77.1,78.55,78.8,79.52,79.54,79.54,79.56,79.53,79.13,78.08,77.07,76.08,75.59,75,74.89,74.47,73.96,73.65,73.13,73.17,72.57,71.92,71.64,71.48,71.26,71.03,70.76,69.34,74.25
2025-10-23,72.18,74.06,73.98,73.77,73.33,73.18,73.01,72.07,72.8,72.74,70.96,70.01,70.78,70,68.86,65.69,69.39,68.16,67.21,65.54,64.94,64.87,65.14,65.51,65.47,69.42,70,73.86,76.07,81.2,83.57,76.06,96.13,96.05,81.93,74.32,86.6,84.29,80.01,73.73,85.41,77.76,71.36,67.47,70.21,68.02,65.86,64.99,65.54,64.47,64.04,62.93,64.28,64.06,63.56,62.94,58.93,61.88,64.25,65.37,65.65,69.58,71.76,72.79,69.41,71.44,71.9,71.97,72.28,73.16,73.75,73.95,73.35,73.32,73.25,72.86,71.96,71.94,71.83,71.67,72.1,71.96,73.29,72.98,72.66,72.36,71.99,71,71.44,71.04,68.27,65.31,65.02,61.4,57.37,51.51,70.91,71.75
2025-10-24,36.78,25.65,15.82,11.97,17.94,14.99,14.59,13.68,13.39,9.19,7.49,7.14,6.72,5.72,5.5,5.1,5.18,4.84,5.17,5.3,5.53,6.22,9.79,16.69,9.34,20.74,32.58,45.68,50.96,58.13,61.22,67.52,74.17,74.76,74.6,73.74,74.23,72.5,69.53,62.92,61.2,58.59,53.48,49.74,50.58,46.56,40,27.73,40.69,39.92,39.91,39.31,38.22,34.37,31.08,28.84,31.96,30.36,29.54,28.71,30.11,29.89,33.25,41.69,42,45.67,48.09,52.53,55.59,59.16,61.06,63.48,66.31,68.57,70.74,72.13,70.29,68.51,67.55,65.63,61.74,59.64,58.26,53.49,53.03,49.96,46.45,33.5,36.77,29.58,31.52,20.63,23.92,9.45,5.44,4.21,38.37,51.86
2025-10-25,-15.6,11.77,11.89,9.72,18.52,18.49,17.79,17.34,13.36,12.16,11.56,11.44,3.7,4.96,4.76,4.66,4.67,4.59,4.3,4.49,3.66,3.98,3.63,3.52,5.54,5.6,5.94,5.59,14.38,14.53,15.61,16.74,17.42,18.41,20.8,20.86,20.89,22.17,24.31,24.33,22.07,21.16,20.35,20.54,14.43,12.69,13.76,13.62,5.38,6.38,8.29,6.67,11.23,9.1,10.83,6.98,16.34,17.1,18.72,19.97,22.33,24.12,24.31,24,24.55,25.21,24.96,27.31,26.11,35.06,40.62,42.88,50.26,53.86,60.12,61.31,64.07,62.34,60.79,55.65,52.13,49.43,45,41.88,48.26,45.68,40,36.37,30.7,29.12,30.26,28.1,14.86,8.44,7.23,4.43,21.25,26.14
2025-10-26,-9.86,1.14,5.85,4.99,4.39,4.09,4.07,3.57,3.27,2.23,2.6,2.85,3.06,3.6,3.7,4.65,1.54,1.77,1.79,1.94,1.22,1.42,1.44,1.47,1.51,1.52,1.64,1.77,3.72,4.08,4.35,5.66,7.76,11.47,12.55,13.4,16.76,17.28,17.05,16.16,17.73,16.43,16.4,16,20.23,19.85,19.2,19.15,21.23,19.76,19.98,19.23,23.99,23.56,22.98,23.95,18.94,18.96,18.45,17.2,24.39,25.76,26.97,27.65,27.82,32.49,42.44,50.86,40.71,48.21,55.36,58.66,51.04,50.17,51.8,40.69,51.15,47.94,42,40,50.16,46.35,41.29,35.89,34.61,33.33,33.08,34.16,31.72,30.17,32.75,26.07,23.97,24.82,24,22.39,19.61,24.55
2025-10-27,24.84,25.83,24.65,24.68,16.67,15.51,15.41,15.37,16.06,16.24,16.1,15.77,17.29,17.37,17.42,17.85,14.59,15.11,15.79,17.52,18.12,24.58,27.49,33.84,46.36,51.8,57.6,62.7,66.75,70.36,70.96,71.16,76.96,77.07,76.65,75.47,80.98,77.9,77.81,78.06,85.63,85.63,82.45,77.8,84,83.8,79.46,75.71,76.22,73.78,73.89,73.46,73.74,73.13,71.46,70.4,69.84,70.79,73.12,74.7,70.57,71.6,74.26,77.72,77.78,79.22,80.06,80.15,75.88,75.95,76.19,76.78,77.23,79.49,81.4,81.94,78.14,77.55,75.97,74.79,74.94,74.99,73.8,72.12,74.14,73.69,70.13,68.84,71.68,70.56,69.3,65.4,67.17,63.19,59.99,52.98,59.97,76.93
2025-10-28,56.11,53.73,50.07,41.16,41.17,29.94,30.32,30.79,40,28.39,29.54,30.02,13.61,13.89,14.26,17.69,5.11,6.46,12.74,20.57,13.54,16.96,42.59,50.3,51.28,55.78,63.29,66.45,72.05,73.16,72.64,72.39,79.72,78.47,75.04,73.61,83.29,78.15,74.95,73.38,78.7,75.12,73.99,72.73,73,72.63,71.69,71.46,70,66.41,63.83,61.15,63.13,60.83,59.33,58.53,58.61,61.42,65.58,68.34,66.06,70.28,72.67,74.14,72.98,74.47,76.62,81.67,78.75,84.07,87.41,88.46,87.71,88.25,91.93,90.11,89.93,87.95,85.43,83.72,82.53,78.7,76.04,75.88,77.38,75.44,74.59,73,74.8,74.54,74.34,74,73.85,72.65,70.09,67.06,62.57,74.91
2025-10-29,63.71,62.12,57.45,54.01,55.95,54.9,54.49,53.09,54.53,54.05,54.56,54.15,55.5,55.75,54.38,52.66,49.77,51.68,54.31,55.94,55.15,58.88,67.61,70.16,71.58,73.24,73.47,73.16,82.27,82.24,82.89,81.36,83.45,84.06,82.27,73.94,86.5,82.97,74.65,70.66,73.37,70.48,68.39,67.07,68.72,67.48,67.99,68.15,66.31,67.71,69.71,72.14,70.09,72.55,73.29,74.65,70.94,75.21,80.78,80.79,75.64,78,80.31,80.8,80.36,80.73,80.84,82.14,83.09,85.76,85.96,86.37,83.05,83.92,83.83,82.29,93.75,91.68,89.8,83.72,86.72,83.93,82.87,81.81,82.28,82.27,81.72,74.55,82.23,80.19,74.13,72.45,75,72.56,72.29,72.08,72.59,77.84
2025-10-30,68.71,66.63,66.29,64.79,66.33,65.82,65.8,63.51,65.17,62.25,64.53,61.65,64.88,62.37,57.44,50.2,60.39,54.01,52.9,53.57,51.61,57.2,59.96,63.93,62.19,65.41,66.76,69.68,67.95,74.42,77.23,75.56,87.84,78.67,75.2,67.32,73.51,66.78,62.94,59.68,63.81,59.65,55.41,54.86,51.43,50.82,49.69,46.78,46.58,45.58,44.62,43.63,44.54,44.09,43.86,46.96,49.33,49.95,50.26,59.91,57.82,63.16,66.31,67.29,66.1,67.77,69.32,70.96,77.07,78.07,78.53,78.49,80.98,80.93,80.9,80.16,77.08,77.07,77.06,77.05,70.39,70.2,70.18,70.14,67.28,67.21,67.17,67.12,66.3,66.24,66.18,66.15,66.33,65.67,63.99,61.01,64.03,63.45
2025-10-31,64.83,65.26,65.17,64.45,64.09,63.9,63.12,62.75,63.37,62.85,62.41,61.46,60.97,62.25,62.35,62.34,61,61.52,61.39,61.29,58.92,60.96,62.07,62.5,64.41,64.79,65.66,66.21,67.54,67.7,67.66,67.15,68.95,68.13,67.64,67.33,69.26,67.69,67.2,66.07,67.83,67.55,67.49,67.34,68.37,67.97,67.72,67.65,66.97,66.93,67.11,67.05,66.95,67.12,67.11,67.24,67.07,67.37,67.51,67.72,67.55,67.59,67.69,67.9,66.89,66.98,67.07,66.96,66.66,66.67,66.6,66.56,66.57,66.47,66.4,66.36,66.14,66.01,66.04,65.91,65.68,65.51,65.43,63.82,64.41,64.19,64.15,63.57,62.95,62.51,62.58,61.61,60.97,58.15,52.89,48.2,65.05,67.2
2025-11-01,53.08,51.87,49.18,47.15,46.1,39.94,27.67,18.98,23.38,18.62,28.11,20.67,27.8,19.17,15.55,13.1,17.68,16.53,14.69,12.26,15.14,14.77,11.06,9.21,15.18,11.14,10.83,8.7,20.49,15.74,13.43,20.7,46.25,38.94,22.76,16.54,46.28,31.03,20.07,14.74,24.64,18.96,17.25,15.87,15.49,15.7,15.59,24.14,19.69,24.25,30.12,33.61,20.9,26.31,40.25,41.2,46.11,49.38,52.64,52.4,51.39,55.34,57.55,61.03,61.01,62.73,64.19,64.53,65.26,65.6,65.68,65.67,65.78,65.76,65.74,65.71,65.63,65.5,65.42,65.3,64.77,64.63,64.51,64.45,64.04,64.03,64.03,64.09,64.39,64.47,64.61,64.67,63.19,63.66,64.04,63.2,40.01,43.46
2025-11-02,53.31,55.46,54.8,53.27,52.75,51.89,51.32,50.27,53.35,51.35,51.71,50.68,53.41,52.26,54.21,51.92,52.56,53.91,54.91,60.61,54.32,54.29,53.99,54.04,52.98,57.9,57.85,57.99,60.92,61.02,61,61.02,61.87,61.85,61.64,60.87,64.09,64.14,63.17,62.25,64.48,63.59,61.59,60.51,62.07,62.64,61.93,61.58,61.9,61.74,63.2,64.09,63.19,63.81,64.44,64.51,64.9,65.04,65.12,65.2,65.92,66.04,66.13,66.25,66.68,66.79,66.87,66.98,68.82,68.99,68.91,68.82,67.79,67.76,67.7,67.64,67.75,67.7,67.63,67.54,67.08,66.97,66.86,66.75,66.11,66.01,65.85,65.76,64.32,64.17,64.1,63.97,61.92,61.72,61.55,61.39,61.46,64.88
2025-11-03,64.15,64.15,64.13,64.12,62.41,62.4,62.4,62.37,56.32,56,55.19,55.19,52.28,52.21,52.13,52.07,51.99,52.14,52.34,52.55,54.15,55.93,57.05,58.23,62.35,62.74,63.12,62.74,64.19,64.35,64.4,64.42,66.45,66.28,65.71,65.16,67.19,66.6,65.88,64.65,67.81,66.41,65.63,64.39,66.22,65.47,64.82,64.69,64.62,64.18,64.1,64.2,64.06,64.49,64.74,64.57,63.51,64.45,65.17,65.88,64.67,66.51,66.76,66.72,65.73,65.94,66.17,66.41,68.58,70.87,71.2,71.01,71.19,70.5,68.78,66.87,66.29,65.52,65,64.53,63.17,62.59,61.81,60.08,60.86,58.18,59.97,55.8,53.12,50.76,48.39,42.57,45.94,28.16,28.07,10.73,60.91,66.18
2025-11-04,5,14.33,8.69,5.82,8.73,6.52,7.2,5.71,4.99,4.22,4.89,5,4.95,5,5.58,6.49,5.03,5.01,6.49,5.01,10.74,9.18,9.23,5.8,31.2,43.22,41.42,39.93,45.44,48.81,49.66,49.97,54.81,56.49,56.13,55.95,59.36,59.11,58.88,54.56,62.03,58.58,55.49,50.67,55.18,52.63,50.29,49.95,48.56,49.4,50.28,53.56,51.14,57.05,62.92,63.44,56.4,63.02,63.82,64.23,64.04,64.29,64.49,64.59,64.88,65.04,65.08,65.08,65.73,66.73,66.9,66.79,65.96,65.9,65.87,65.84,65.76,65.71,65.67,65.62,65.49,65.43,65.41,65.42,65.33,65.32,65.33,64.76,65.33,65.33,65.34,65.31,65.14,65.06,65.12,64.05,46.21,60.08
2025-11-05,66.34,65.43,65.89,64.7,64.61,63.93,64.46,63.53,61.05,62.79,63.56,63.07,62.82,62.3,63.72,63.08,59.68,59.91,63.58,64.06,60.46,64.92,65.11,65.41,65.89,66.21,66.09,65.33,63.67,64.64,64.94,64.62,64.74,65.08,65.1,65.21,66.1,66.25,65.4,63.06,64.73,60.63,59.64,57.76,59.19,58,59.01,59.26,55.97,59.06,63.5,65.1,64.68,66.02,66.53,66.57,66.22,66.58,66.82,66.83,66.69,66.91,66.92,66.9,67.76,67.91,68.1,68.23,69.89,74.77,75.83,74.59,71.15,70.64,70.36,69.99,69.74,69.45,69.22,68.99,68.45,68.11,67.84,67.56,67.22,67.23,67.29,66.81,67.71,67.75,67.79,67.54,67.47,67.39,67.4,66.98,65.56,65.98
2025-11-06,69.61,69.59,69.57,69.55,69.12,69.12,69.12,69.11,67.96,67.96,67.97,67.97,67.97,67.97,67.97,67.98,68,68,68,68.02,68.3,68.17,68.03,68.44,68.77,69.59,70.39,68.81,67.94,68.37,68.75,69.1,68.99,69.07,69.13,69.21,69.4,69.39,69.45,69.46,68.72,68.65,68.6,68.57,68.27,68.23,68.26,68.23,68.16,68.14,68.16,68.31,69.02,69.05,69.07,69.1,69.19,69.33,69.45,69.63,68.94,69.1,69.25,69.42,69.93,70.05,70.25,70.35,71.82,76.62,76.64,76.61,76.61,75.82,75.6,75.24,73.86,73.64,72.97,72.4,73.86,73.2,72.17,71.72,71.69,71.37,70.95,70.5,69.36,70.25,69.85,69.65,69.28,69.34,69.29,69.29,69.9,70.49
2025-11-07,67.86,67.86,67.86,67.84,67.5,67.48,67.49,67.45,67.36,67.31,67.26,67.2,67.19,67.13,67.1,67.04,67.19,67.09,67,66.99,67.51,67.41,66.82,66.91,67.88,68.64,69.36,68.45,69.25,69.88,70.09,70.29,70.03,70.15,70.17,70.06,69.65,69.67,69.82,69.85,70.35,70.48,70.6,70.71,70.35,70.46,70.47,70.58,70.22,70.35,70.35,70.39,69.99,70.04,70.12,70.25,70.87,71.02,70.94,71.15,70.9,71.26,71.48,73.28,71.32,71.96,72.73,72.86,73.79,76.64,75.66,75.12,75.68,74.86,73.93,73.41,73.92,72.29,71.68,71.57,71.86,71.63,71.58,71.42,71.42,71.29,71.15,70.95,70.38,70.13,69.98,69.68,69.5,69.18,68.93,68.64,70.11,71.53
2025-11-08,66.52,66.54,66.56,66.55,65.84,65.85,65.86,65.85,65.6,65.59,65.6,65.61,64.94,64.89,64.81,64.79,64.76,64.77,64.77,64.77,64.77,64.77,64.77,64.81,65.17,65.83,66.61,67.06,65.58,65.71,65.84,65.94,66.14,66.49,66.73,67.03,67.72,67.85,67.96,68.18,68.39,68.46,68.52,68.56,68.66,68.73,68.69,68.68,67.83,67.93,67.99,68.06,67.39,67.52,67.67,67.69,68.23,68.27,68.33,68.45,68.14,68.31,68.45,68.69,72.23,72.24,72.25,72.91,74.03,74.34,74.49,74.59,73.81,72.99,72.95,72.91,72.28,72.26,72.21,70.82,72.2,71.09,70,69.92,69.34,68.91,68.67,68.5,69.58,68.93,68.71,68.45,67.55,67.33,67.07,66.77,68.16,69.65
2025-11-09,67.17,67.12,67.13,67.14,67.29,66.99,66.29,65.68,65.4,65.38,65.38,65.37,65.13,65.11,65.09,65.02,65.1,65.09,65.1,65.11,65.17,65.19,65.22,65.29,65.37,65.49,65.6,65.73,65.57,65.7,65.82,66,65.55,65.72,65.9,66.13,67.33,67.64,67.86,68.06,68.84,68.9,68.96,69.1,68.82,68.87,68.86,68.88,68.85,68.86,68.86,68.85,68.95,68.97,68.66,68.67,68.63,68.66,68.69,68.8,68.46,68.64,68.74,68.94,70.03,70.06,70.08,70.22,74.13,77.57,77.63,77.63,77.12,76.87,75.92,74.32,71.42,70.52,70.08,70.05,70.03,69.99,69.61,69.14,68.71,68.65,68.61,68.44,68.58,68.4,68.27,67.99,67.34,67.12,67.27,67.11,68.31,69.99
2025-11-10,67.56,67.38,67.16,66.99,66.75,66.63,66.59,66.57,66.53,66.53,66.52,66.51,66.33,66.36,65.94,65.92,65.36,65.51,65.61,65.72,65.21,65.54,65.75,66.31,65.26,65.96,66.27,65.92,66.58,67.47,68.07,68.49,70.98,70.4,70.01,69.27,71.76,69.51,69.06,68.9,70.3,70.12,70.12,69.77,72.71,72.28,71.76,71.94,72.31,72.03,72.34,72.73,72.24,72.61,72.78,73.07,72.63,72.78,74.54,75.7,71.46,72.78,75.27,75.58,77.67,77.86,78.24,77.98,86.13,102.24,93.54,90,99.84,90.02,84.09,80.33,73.63,69.92,69.11,68.69,72.14,71.1,69.99,69.58,71.08,70.17,69.62,68.81,68.34,67.12,66.54,65.78,65.12,64.92,64.78,64.71,71.19,75.4
2025-11-11,65.76,65.39,65.06,64.75,64.91,64.88,64.86,64.56,64.78,64.77,64.75,64.69,64.57,64.63,64.62,64.21,64.05,64.19,64.5,64.53,64.22,64.63,64.94,65.15,64.92,66.38,65.71,65.06,64.75,64.84,64.95,64.92,66.76,66.72,66.42,66.07,66.83,66.72,66.48,66.27,65.5,65.16,64.96,64.84,64.88,64.85,64.8,64.76,64.75,64.71,64.75,64.8,64.77,64.86,64.9,64.98,66.76,66.96,67.66,68.24,67.74,68.57,69.23,69.52,76.4,77.95,79.51,79.58,78.61,89.48,88.54,81.61,89.99,84.52,79.04,76,73.73,72.94,71.68,70.33,69.54,69.04,68.21,67.54,66.71,66.35,65.83,65.13,64.7,64.46,64.33,62.45,61.38,60.47,58.89,56.18,67.62,70.52
2025-11-12,59.73,60.08,58.85,57.32,59.18,57.97,55.08,53.44,56.06,54.55,52.37,51.67,51.17,50.93,49.03,48.28,45.48,44.49,44.89,45.29,45.83,46.35,48.19,48.57,46.89,52.05,53.42,52.78,51.6,53.38,54.01,54.19,55.31,55,54.45,53.42,52.71,52.21,51.91,49.24,53.52,53.33,53.07,50.05,52.26,51.69,50.11,49.32,48.66,49.46,51.87,51.91,49.32,52.04,52.16,52.25,55.61,55.42,56.81,56.95,55.3,56.48,56.81,57.23,57.74,59.39,59.78,60.36,63.84,64.37,64.44,64.47,64.31,64.31,64.33,64.3,64.13,64.11,64.13,64.13,63.91,63.65,63.66,63.64,64.09,63.71,60.52,55.98,63.58,63.54,59.88,54.17,61.94,53.72,50.72,46.07,55.42,56.33
2025-11-13,43.12,35.06,31.25,21,25.99,19.5,17.69,14.73,14.4,13.69,9.48,8.64,8.3,7.84,7.66,6.72,5.47,5.46,5.46,6.88,8.91,16.07,31.95,43.16,32.72,45.26,49.86,51.66,53.78,57.51,58.11,59.31,63.63,60.54,58.63,57.6,59.32,57.69,53.03,52.15,57.59,52.36,49.28,47.31,48.73,48.71,48.72,49.06,48.89,50.67,52.83,53.85,56.17,59.04,60.66,63.72,60.32,64.03,64.49,64.75,64.82,66.08,66.64,67.43,67.42,68.6,69.41,69.76,71.27,73.25,72.15,72.22,75.28,75.26,75.25,75.22,72.56,72.26,72.62,71.76,71.86,71.67,71.6,71.49,70.59,70.29,70.5,70.23,69.76,69.2,68.91,68.61,67.9,67.77,67.51,67,51.19,62.15
2025-11-14,67.91,67.93,67.92,67.87,70.11,69.83,70.62,69.98,68.76,67.96,67.92,66.98,66.76,66.57,66.64,67,64.75,65.07,65.6,66.06,65,66.08,66.39,66.8,68.02,69.33,70.65,70.66,75.19,77.05,78.44,78.26,84.52,83.96,82.61,80.98,84.64,84.15,82.31,80.94,80.96,80.93,79.98,78.82,78.68,78.05,77.73,77.24,77.03,76.83,76.5,77.05,76.04,76.11,76.82,77.03,77.06,77.18,77.87,78.64,77.08,77.34,78.71,78.86,77.1,77.95,77.07,78.38,80.38,83.63,83.8,81,80.63,78.85,78.72,77.27,77.04,76.54,76.01,75.1,74.06,73.14,72.57,70.93,70.71,70.11,68.78,67.94,66.68,66.46,66.04,65.54,63.49,62.57,61.39,59.13,73.71,79
2025-11-15,63.66,64.12,63.82,62.02,62.05,62,61.54,59.98,59.39,59.37,59.17,58.4,58.38,58.19,58.39,58.37,58.3,58.24,58.04,57.83,57.4,56.8,58.1,57.84,57.74,58.83,61.78,64.25,64.8,65.36,66.97,68.74,69.67,70,71.12,72.15,76.46,77.2,77.2,77.26,78.71,78.72,78.7,80.39,79.9,79.91,79.87,79.86,78,78.6,79.94,80.87,80.74,80.91,81.2,81.01,81.2,80.52,81.27,81.29,81.22,81.26,81.28,81.27,81.24,83.94,85.17,86.82,87.15,87.13,87.11,86.03,87.45,85.06,84.06,83.19,81.95,81.27,81.2,79.94,79.96,78.69,78.48,77.29,77.21,76.18,74.23,73.6,72.34,71.73,71.34,70.94,70.99,70.8,70.41,70.39,72.82,80.55
2025-11-16,75.85,74.37,73.98,73.92,73.94,71.89,73.07,71.86,70.85,70.83,70.82,70.81,70.87,70.87,70.84,70.67,70.68,70.68,70.64,70.6,70.65,70.59,70.46,70.39,70.52,70.72,70.89,71.21,71.44,71.69,71.94,72.8,77.22,77.35,77.99,78.65,78.65,78.68,78.74,78.94,79.78,79.99,80.41,81.21,81.21,81.22,81.24,81.28,81.27,81.28,81.3,81.67,82.03,80.99,79.92,80.1,79.7,81.71,81.63,81.89,81.21,81.72,81.62,82.49,86.41,87.6,87.83,88.71,94.09,94.74,96.81,97.25,93.49,93.33,93.4,94.35,92.38,92.47,93.54,90.39,91,86.04,84.83,81.25,80.31,79.5,79.29,77.28,76.47,74.99,73.33,71.93,69.75,69.33,68.97,68.53,78.9,84.37
2025-11-17,69.43,69.16,68.88,68.63,67.27,67.21,67.15,66.83,66.04,66.01,64.64,63.44,62.02,60.24,60.08,60,60.08,60.03,60.01,59.42,63.03,63.64,64.59,65.56,69.72,70.75,72.4,74.42,81.22,87.11,94.21,96.91,101.37,103.21,102.76,100.79,109.21,102.28,97.28,93.74,106.17,95.02,88.31,86.55,86.92,81.58,81.21,77.74,77.28,75.11,74.66,72.77,71.68,73.94,75.5,81.09,82.41,82.43,81.92,90.6,81.21,85.8,91.98,96.51,82.79,86.88,90.54,97.78,110.75,114.59,114.2,115.31,115.99,110.78,112.26,112.5,111.04,108.74,105.35,103.96,104.63,103.95,100.9,89.31,98.27,91.5,87.44,82.09,87.14,85.91,86.02,82.09,87.44,81.22,75.73,70.3,84.44,93.8
2025-11-18,86.31,81.58,82.67,78.62,83.82,80.36,79.78,76.93,78.93,76.86,76.43,74.77,75.94,75.44,75.37,75.11,74.72,76.46,79.05,82.06,76.04,80.38,83.39,85.36,84.45,92.16,88.9,87.76,99.19,96.02,104.67,106.71,128.26,121.7,115.23,100.27,129.96,107.27,94.9,88.57,98.41,87.14,86.73,85.37,86.11,85.68,86.96,87.73,86.54,86.24,86.78,86.96,87.87,89.83,86.61,87.84,86.57,88.08,99.12,101.71,103.36,110.97,122.08,132.05,118.56,132.14,140.91,160.2,142.21,150.8,149.49,146.76,146.62,140.45,135.69,135.71,130.79,128.95,127.16,122.9,118.79,101.63,100.77,94.49,97.69,89.93,92.27,87.95,99.34,93.45,97.18,88.67,94.48,86.58,86.09,82.42,99.06,111.3
2025-11-19,84.41,84.48,83.84,84.04,82.54,82.08,84.42,83.56,83.13,80.35,81.79,81.32,79.53,80.31,80.96,81.16,78.64,80.9,82.95,84.4,83.29,84.42,83.29,82.44,85.86,94.71,96.42,105.99,119.48,121.79,124.59,126.38,153.05,137.66,129.29,112.83,126.16,116.36,111.48,94.27,109.18,95.02,91.2,86.49,92.56,89.2,87.53,88.56,87.09,87.44,88.01,88.98,85.12,86.53,92.61,99.58,86.86,98.16,105.89,115.27,101.77,115.08,110.59,117.14,104.76,118.34,117.94,118.97,117.31,125.77,127.01,128.66,113.77,114.5,117.59,117.51,116.36,113.51,114.92,117.25,116.55,105.19,98.68,90.84,100.36,99.36,98.16,91.4,96.93,96.5,98.71,92.84,92.97,90.77,87.58,85.57,99.66,107.73
2025-11-20,95.83,92.39,88.21,86.9,86.9,85.72,85.07,84.64,85.38,84.68,84.01,83.8,83.79,84.61,84.36,84.34,83.32,83.83,84.54,86.01,85.11,88.46,86.9,88.71,88.9,95.86,101.71,114.62,133.46,131.78,142.18,152.24,149.12,157.12,152.18,144.99,169.09,148.95,146.11,131.29,157.45,137.12,131.75,121.09,131.14,126.8,123.99,119.07,123.87,119.5,120.75,120.4,117.01,118.53,121.22,124.56,117.3,126.58,131.16,135.29,128.07,140.61,145.33,166.11,147.27,159.4,178.61,188.26,171.05,172.95,169.97,165.97,165.32,159.31,154.72,153.73,161.54,151.93,149.73,141.82,141.23,142.61,130.55,115.83,128.04,121.29,111.34,100.93,111.49,107.22,101.8,96.9,102.04,90.95,87.21,83.23,121.83,143.65
2025-11-21,100.59,99.24,94.53,88.57,98.09,92.39,87.29,85.68,90.98,86.22,85.72,84.78,87.21,86.53,85.79,85.75,85.33,85.76,88.11,94.24,85.1,92.7,98.29,107.96,99.76,110.92,124.49,160.67,148.57,176.97,184.6,194.2,222.96,216.91,194.2,163.64,213.6,184.82,163.42,148.56,170.26,150.96,139.35,121.81,148.01,135.98,128.65,122.31,128.98,125.05,125.56,127.1,122.07,126.98,131.05,146.58,117.06,143.29,167.73,169.13,144.2,166.69,196.29,255.73,190.72,230.48,251.47,302.57,251.13,261.4,238.08,226.57,215.68,207.94,187.79,176.26,175.05,160.73,162.32,160.91,166.05,144.86,117.74,111.55,112.15,104.95,97.35,88.95,112.08,104.34,96.42,85.73,99.04,91.57,87.14,83.3,140.61,175.38
2025-11-22,98.35,101.02,89.37,83.5,95.34,90.05,89.26,90.5,87.48,85.26,84.44,84.17,82.74,82.31,82.2,81.18,79.47,80.11,78.14,77.16,77.45,75.5,75.29,74.87,75.85,76.32,77.04,78.06,78.19,80.49,82.06,82.15,82.15,82.25,82.51,81.73,82.13,82.12,80.32,76.31,79.14,77.02,78.11,78.14,77.25,76.6,76.26,74.3,74.53,73.52,74,73.43,72.12,72.28,72.88,75.72,74.44,74.39,77.27,80.4,78.18,78.46,79.17,80.14,82.13,82.19,82.85,83.75,86.17,86.21,85.68,83.9,82.74,82.14,81.68,80.28,78.16,77.82,76.66,75.86,75.28,74.25,73.74,73.41,73.28,72.85,72.23,71.76,71.96,71.42,70.95,70.63,70.65,70.34,69.99,68.73,79.09,78.86
2025-11-23,69.17,69.28,69.17,68.41,69.4,69.32,69.07,68.81,68.99,68.52,66.91,64.68,63.11,62.21,62.18,61.74,60.74,59.48,58.74,58.09,60.62,62.18,62.68,61.13,59.33,59.06,60.53,62.22,62.25,63.23,63.76,65.2,66.12,65.8,64.64,63.08,66.54,64.31,63.91,63.26,67.42,67.44,65.13,65.32,65.92,66.75,67.16,68.28,67.02,67.46,68.51,68.72,67.95,65.99,65.75,65.95,66.74,68.11,69.93,73.19,71.3,74.44,80.21,83.21,80.41,77.44,75.54,78.16,78.9,82.15,80.93,81.38,82.35,81.09,80.56,86.17,87.37,86.01,82.11,79.49,82.17,79.08,76.77,73.39,77.44,74.2,72.58,71.21,75.06,74.38,72.83,70.64,70.26,69.64,69.51,67.84,69.82,72.41
2025-11-24,67.17,68.76,67.23,67.22,67.97,67.44,67.96,68.2,67.35,69.08,69.15,68.97,69.04,68.9,69.84,69.11,67.81,68.63,68.94,71.55,69.01,70.99,78.13,84.08,74.25,84.25,86.71,90.74,86.14,88.68,91.74,94.11,94.2,88.64,92.25,97.92,92.51,93.02,96.84,97.47,108.98,109.03,108.21,110.26,117.58,122.9,125.93,129.61,108.01,118,123.52,134.82,97.18,97.73,98.47,98.81,93.73,94.86,93.81,94.85,97.86,98.71,152.04,183.47,170.96,188.58,203.9,251.67,204.41,223.85,231.04,230.72,111.96,104.58,101.08,100.08,100.59,99.31,99,98.77,97.86,97.69,97.87,97.69,98.59,97.82,95.74,95.68,95.67,94.96,93.27,91.48,90.07,89.16,88.38,83.51,102.77,124.83
2025-11-25,84.2,81.91,80.4,79.71,79.73,78.1,77.01,76.39,77.01,76.81,76.33,75.88,75.74,74.23,73.91,73.72,74.31,75.49,75.16,77.55,76.48,77.08,79.78,85.22,77.49,88.43,101.68,108.45,131.49,198.92,273.57,278.41,257.07,272.57,272.56,271.81,245.03,264.99,238.74,240.63,255.49,221.24,204.59,197.7,223.05,258.49,268.12,266.45,258.05,257.8,266.17,303.84,264.37,257.87,238.65,224.38,210.58,245.03,217.96,262.76,235.86,258.44,226.36,233.16,257.22,287.8,313.34,336.64,284.09,316.2,313.6,278.47,267.09,241.11,244.96,198.81,282.98,214.64,166.96,136.1,179.5,142.04,125.89,109.74,135.66,115.53,99.41,95.4,105.5,100.01,95.34,93.35,93.87,90.77,89.48,85.31,176.43,251.25
2025-11-26,86.35,83.07,82.82,82.57,80.99,80.97,80.95,80.93,80.49,80.17,79.86,79.81,77.05,77.04,77.05,77.05,74.99,75.39,75.84,76.92,74.43,74.75,79.49,85,81.33,93.33,104.4,132.02,91.3,99.49,162.24,200.64,187.1,193.4,236.49,214.53,210.68,178.73,181.1,171.49,209.09,172.36,156.12,147.74,150.07,150.3,145.56,137.18,142.59,137.48,142.28,142.57,145.5,152.09,144.72,137.44,139.86,148.2,169.82,179.67,146.59,172.82,204.79,249.04,188.25,239.49,271.08,320.33,253.89,257.55,254.71,252.56,231.21,184.22,195.07,179.23,189.01,163.69,146.26,133.98,150.81,129.24,111.13,95.89,121.57,107.24,88.99,80.74,102.32,90.4,81.93,78.35,84.65,79.15,76.99,74.16,138.34,184.54
2025-11-27,79.33,78.76,76.64,76.14,76.63,75.47,74.52,73.89,74.45,73.8,73.39,72.53,71.23,70.82,70.25,68.62,65.91,65.3,64.95,64.74,64.91,65.05,65.78,66.36,68.56,70.77,71.84,73.14,75.53,77.85,80.05,80.6,83.11,82.66,81.27,79.67,77.7,77.11,76.38,75.74,75.01,74.72,74.19,74,73.86,73.6,73.43,73.29,73.38,73.04,72.89,72.74,71.94,71.83,71.67,71.41,70.18,70.12,70.12,70.15,69.17,69.59,69.83,70.03,72.05,72.87,72.79,72.85,74.27,74.26,74.12,73.57,72.83,72.41,71.85,71.38,70.87,70.17,69.31,68.14,66.05,65.32,64.74,64.63,64.65,64.34,64.02,63.91,63.02,62.7,61.42,61.8,59.12,57.8,56.18,50.1,70.99,73.28
2025-11-28,54.95,57.95,54.05,56.99,50,49.89,49.7,47.04,51.91,51.04,49.89,49.05,45.42,46.67,46.35,47.01,49.32,49.59,50.79,54.15,49.99,51.79,54.39,55.47,59.11,60.19,61.63,61.79,65.01,65.87,66.64,67.93,70.86,71.42,71.56,71.57,71.63,71.53,71.37,71.21,71.72,71.55,71.48,71.17,70.04,70.11,69.81,69.57,69.79,69.74,70.93,70.75,70.98,71,71.06,71.16,70.71,71.02,69.88,70.27,68.73,69.11,70.53,70.83,68.42,68.73,69.2,69.33,67.31,67.44,67.28,66.39,66.52,65.04,64.11,63.61,63.87,61.93,61.02,60.06,60.35,60.04,59.94,58.89,60.04,59.56,58.75,58.48,58.52,57.22,56.01,55.79,55.63,56.35,56.48,56.91,62.23,69.03
2025-11-29,57.92,57.84,57.67,57.54,56.43,56.71,56.7,56.65,56.55,56.72,56.88,57.04,58.01,58.81,59,59.07,58.33,58.44,58.66,58.88,57.91,58.63,58.65,59.02,58.89,59.4,59.94,61.72,63.73,66.01,66.26,67.14,67.16,67.52,68,68.56,69.91,69.97,69.99,70.13,70.74,70.89,71,71.16,71.82,71.98,72.12,72.33,72.78,73,73.16,73.43,73.7,73.95,74.1,74.17,72.82,72.96,73.16,73.46,73.34,73.47,73.67,73.87,74.47,74.62,74.68,74.78,75.76,75.88,75.91,75.93,76.24,76.31,76.28,76.17,76.61,76.49,76.27,76.09,76.28,76.06,74.86,74.12,75.89,75.84,75.19,74.46,74.99,74.65,74.56,74.4,74.6,74.31,73.66,72.58,68.73,73.14
2025-11-30,71.95,71.26,69.52,67.37,68.22,65.78,65.12,64.53,65.82,64.35,63.31,61.62,59.61,59.19,58.46,57.9,56.47,56.41,56.23,56.07,53.77,53.7,53.9,53.91,55.17,55.26,55.59,55.66,61.94,62.87,62.93,62.98,67.4,67.92,68.15,68.48,67.94,67.96,67.99,68.33,67.35,67.64,67.67,67.75,64.99,65,64.89,64.77,65.9,65.8,65.32,65.2,66.01,65.56,66.1,66.36,66.82,67.12,67.19,67.75,67.79,68.54,69.54,70,70.1,70.27,70.29,71.15,71.25,71.67,72.01,71.89,71.66,71.43,71.21,70.96,70.19,69.55,68.66,67.98,68.64,67.96,67.57,67.16,67.64,67.36,67.03,66.1,66.73,66.12,66.04,65.71,66.62,66.42,66.78,66.97,65.55,68.24
2025-12-01,64.53,64.81,65.17,65.71,63.28,63.4,64.25,63.79,60.48,61.03,61.64,61.84,57.75,57.71,58.68,57.74,60.56,59.99,58.62,59,56.27,57.52,58.97,60.99,62.91,64.59,65.35,69.4,71.33,72.71,73.41,73.76,76.66,76.77,76.92,76.99,79.94,79.9,79.6,79.31,79.97,79.86,79.49,77.16,78.69,77.1,76.77,76.12,74.7,74.59,74.5,74.54,75.94,76.2,76.68,77.03,74.85,75.08,75.99,77.98,74.81,76.83,77.66,78.37,78.09,79.51,79.54,79.84,79.7,79.43,78.5,77.31,74.77,74.3,73.74,73.28,73.04,72.57,71.79,70.9,70.95,70.32,68.88,67.7,68.32,67.6,66.54,64.14,65.82,64.73,63.47,62.85,62.82,61.74,61.17,60.02,70.29,76.74
2025-12-02,60,58.5,57.87,54.65,57.88,56.74,54.91,53.16,53.44,52.62,52.33,51.16,50.52,49.88,49.03,48.08,48.18,48.25,49.37,50.51,50.06,52.82,55.21,56.83,58.23,61.94,64.81,65.61,64.68,67.19,70.33,70.66,71.99,72.02,72.26,72.02,72.31,72.07,71.99,72.11,74.3,74.57,74.65,74.66,74.62,74.63,74.68,75.73,73.89,74.74,75.67,78.11,79.83,81.04,82.11,82.14,79.96,81.06,82.1,82.16,78.78,79.53,79.64,79.99,81.69,82.11,82.14,82.15,82.18,82.18,82.17,82.16,83.12,82.2,82.17,82.11,82.1,81.37,80.68,80.26,81.1,80.89,79.99,79.94,79.97,79.94,79.66,77.92,79.6,79.53,78.5,76.91,76.89,76.54,76.03,75.16,70.94,78.25
2025-12-03,75.66,75.59,75.61,75.56,75.57,75.57,75.57,75.55,75.55,75.54,75.56,75.56,75.19,75.21,75.19,75.23,74.45,74.48,74.49,74.53,75.01,75.52,75.81,76.31,74.98,75.87,78.48,79.97,79.18,82.94,89.32,104.38,101.46,106.64,109.03,122.36,172.69,146.73,112.25,105.67,135.02,119.47,114.87,114.2,86.88,87.21,86.58,86.22,84,84.07,84.07,84.16,81.19,81.37,81.37,81.53,80.85,81.39,81.68,82.44,79.99,80.07,80.04,79.94,83.82,82.26,82.9,83.08,94.41,94.36,89.78,87.27,131.91,126.26,126.3,104.44,144.81,148.56,136.4,111.83,143.36,126.82,89.91,85.93,85,83.11,81.63,79.99,80.1,79.94,78.52,75.87,76.88,76.55,75.79,74.48,90.74,100.91
2025-12-04,76.65,76.99,76.91,76.83,76.81,76.76,76.71,76.68,76.66,76.65,76.65,76.63,76.19,76.19,76.16,76.16,71.57,72.04,72.33,72.58,70.28,70.38,71.92,73.13,72.82,75.73,76.92,77.77,85.66,111.95,109.12,129.09,106.93,121.23,128.07,124.54,87.65,81.91,78.74,77.95,117.35,92.07,87.49,81.75,100.9,92.55,89.14,83.03,95.41,91.37,91.2,90.43,89.89,92.55,93.51,93.36,87.86,90.52,100.52,131.46,78.98,82.78,95.74,103.75,121.32,138.81,125.62,127.81,115.75,114.69,103.66,99.9,123.48,117.6,114.02,114.03,120.59,116.98,113.17,102.45,117.18,110.3,102.47,97.2,90.09,90.01,89.99,87.22,93.01,90,83.01,79.4,78.71,77.68,77.29,77.07,92.81,102.72
2025-12-05,77.6,76.85,76.8,76.72,76.92,76.86,76.82,76.72,76.71,76.43,76.33,76.28,76.34,76.17,76.26,76.26,76.26,76.09,76.87,77.28,76.13,76.46,76.89,78.08,76.54,76.87,77.66,78.07,78.08,78.55,78.7,78.84,78.64,78.65,78.61,78.61,78.87,78.83,78.83,78.81,78.79,78.7,78.68,78.64,78.14,78.12,78.09,78.1,78.48,78.47,78.42,78.4,78.53,78.5,78.5,78.52,77.05,77.32,77.39,77.6,77.91,78.07,78.05,78.1,78.01,77.8,77.7,77.68,77.69,77.66,77.62,77.54,78.25,78.17,78.07,76.87,78.8,78.61,78.52,78.06,78.81,78.43,77.77,76.63,78.46,78.2,77.62,76.33,76.31,76.06,74.59,73.2,75.01,74.97,72.84,69.39,77.41,78.2
2025-12-06,70.24,70.45,69.42,69.04,69.91,69.1,69.07,66.18,68.92,68.52,66.73,66.7,64.52,62.96,62.79,60.34,60.93,60.42,60.83,60.86,57.51,56.15,56.41,56.46,56.39,57.84,59.91,59.88,61.75,62.99,62.95,66.65,69.49,70.64,71.32,72.07,73.1,73.68,73.83,73.86,74.73,75.05,74.13,74.47,75.26,74.96,74.69,74.5,74.59,74.51,74.72,75.06,75.02,75.16,75.36,75.43,75.37,75.63,76.73,77.27,77.05,77.64,77.77,77.84,77.95,78,78.09,78.62,78.78,78.79,78.57,78.42,78.32,78.1,77.83,77.61,77.65,77.32,76.25,75.65,76.78,75.09,74.85,73.66,75.22,73.34,72.54,71.72,72.94,72.52,70.84,69.57,71.54,70.53,68.86,66.74,71.11,75.77
2025-12-07,59.01,60.11,61.04,59.63,60.81,59.77,59.93,59.42,59.03,58.59,58.19,58.09,57.46,57.46,57.64,57.96,59.76,60.96,61.63,62.01,59.96,60.57,62.87,60.82,59.51,63.35,62.75,64.12,67.89,67.58,69.8,70.99,69.12,70.52,71.75,71.3,71.95,72.81,73.4,73.77,74.99,75,75.35,75.73,75.39,75.71,76.04,76.46,76.74,76.81,76.82,76.84,76.89,76.89,76.9,77.12,77.2,77.66,77.74,77.98,78.96,79,79.99,80.03,80.33,80.38,80.43,80.43,80.42,80.46,80.39,80.35,80.34,80.25,80.13,78.41,76.88,75.52,76.55,73.63,74.86,75.86,72.88,70.45,72.43,69.91,68.36,64.56,65.28,61.98,60.48,58.83,56.36,53.36,47.47,40.63,69.38,76.83
2025-12-08,40.04,45.25,45.4,44.19,40.22,40.02,38.82,32.26,36.17,30.75,29.27,28.39,26.5,26.3,26.22,26.25,26.61,27.94,30.48,34.78,27.18,33.27,43.11,51.93,51.03,55.48,58.64,62.15,62.21,65.36,66.19,66.79,68.45,68.56,68.46,68.52,68.99,69.04,69.12,69.35,69.56,69.61,68.84,68.76,68.72,68.46,68.66,68.52,69.12,68.52,69.28,69.34,68.48,68.5,68.36,68.53,67.9,68.34,68.79,68.95,68.78,68.95,69.07,69.37,68.85,69,69.32,69.61,70,70.02,70,69.99,68.77,68.71,68.58,68.42,67.91,67.74,67.46,67.21,68.74,68.54,68,67.64,68.71,68.36,67.76,65.1,68.05,67.54,66.58,62.18,66.1,65.08,64.99,61.39,59.24,68.82
2025-12-09,63.73,65,63.86,63.49,65.49,65.24,66.43,65.92,63.85,64.15,65.5,66.81,64.26,64.5,65.05,64.99,61.92,62.29,63.27,63.57,58.22,59.92,62.71,64,63.42,66.88,69.17,72.27,72.99,75.78,78.99,99.96,81.68,92.93,100,109.84,117.71,102.47,98.16,88.68,97.04,92.14,90.22,85.81,91.53,89.43,88.15,86.17,84.11,81.74,83.95,84.56,85.2,85.71,86.19,87.09,79.47,84.13,88.05,89.87,86,88.93,99,98.6,86.92,88.04,90.85,94.11,94.31,95.28,97.25,92.62,92.97,87.54,85.53,81.9,83.15,78.89,75.59,72.97,77.47,74.23,72.57,71.97,72.36,69.77,66.54,65.1,65,64.34,62.13,58.35,56.32,54.14,51.02,47.19,77.76,89.64
2025-12-10,48.16,50.93,46.13,38.86,39.8,40.3,38.84,34.93,31.61,28.26,27.69,25.47,34.94,32.22,26.7,27.19,26.54,34.96,37.18,37.01,36.26,39.59,45.69,47.33,52.26,54.42,55.55,56.53,58.8,60.39,61.05,61.52,64.4,64.94,65.08,65.08,66.83,66.84,66.82,66.74,67.96,67.73,67.33,66.93,66.55,66.04,65.76,65.15,64.99,64.95,64.77,64.55,63.76,63.66,63.49,63.58,63.01,62.73,63.55,64.19,61.71,61.96,61.92,63,64.3,63.63,63.54,63.31,64.91,64.61,63.54,61.72,64.33,62.98,61.41,59.83,59.01,58.6,58.58,58.59,57.51,57.32,57.83,58.41,57.35,57.17,57.63,58.01,57.34,57.24,56.64,56.65,55.84,55.74,55.61,55.6,55.39,63.94
2025-12-11,52.48,52.13,51.03,50,50.63,48.94,47.81,46.96,44.72,43.83,43.27,45.13,37.75,37.2,37.22,36.96,34.93,35.4,34.98,35.44,35.83,40.2,43.56,48.72,51.44,53.08,54.55,56.31,56.09,56.98,57.85,58.65,59.17,59.61,60.25,60.74,59.01,58.94,58.93,59.05,58.62,58.69,58.59,58.68,59.95,61.4,61.02,61.09,63.04,63.05,63.05,63.04,61.11,61.56,61.13,61.43,58.97,59.87,60.4,61.84,62.74,63.76,63.8,64.21,64.88,65.41,66.43,67,68.45,68.59,68.61,68.62,68.8,68.78,68.73,68.69,68.84,68.81,68.9,68.82,68.77,68.66,68.52,68.39,68.39,68.36,68.32,68.22,68.18,68.07,67.83,67.38,66.27,65.83,65.38,65.31,58.3,63.23
2025-12-12,62.33,63.43,63.59,63.5,65.44,65.91,66.05,66.2,66.75,66,66.76,66.76,64.87,64.87,64.88,64.91,64.74,64.82,64.99,65.21,64.77,65.37,65.85,66.23,69.54,72.85,83.24,95.81,96.84,113.19,113.14,119.73,115.69,120.02,121.95,116.92,127.9,121.19,117.1,114.54,122.24,119.13,109.43,105.29,113.42,110.26,109.23,105.81,104.1,104.69,105.3,106.5,99.25,98.56,99.99,106.71,94.42,101.13,109.34,114.91,101.29,105.78,112.72,118.89,114.24,116.94,126.61,136.99,127.44,127.53,120.5,115.71,117.04,111.6,107.36,103.87,108.51,104.56,100.69,79.32,106.59,79.99,75,72.5,69.91,69.35,68.97,68.59,67.36,67.44,67.26,67.16,66.12,66.06,65.87,65,91.92,111.51
2025-12-13,64.17,64.07,63.98,63.87,63.46,63.41,63.34,63.29,63.28,63.33,63.37,63.41,63.08,63.11,63.16,63.21,63.74,63.77,63.82,63.87,64.25,64.29,64.43,64.75,66.35,66.52,67.01,67.04,65.67,66.8,67.02,67.05,67.08,67.19,67.64,67.81,67.81,67.86,67.91,68.12,69.1,69.2,69.12,69.18,69.08,69.08,69.07,69.03,68.45,68.35,68.35,68.21,69.01,68.9,68.84,68.8,68.53,68.55,68.6,68.59,68.4,68.5,68.53,68.49,69.02,69,68.84,68.57,68.34,68.18,67.85,67.1,66.85,65.83,65.71,65.46,64.54,64.97,65.39,65.62,63.84,64.2,64.36,64.24,63.5,63.28,63.17,62.59,61.68,60.92,60.24,59.8,58.09,56.02,53.44,51.96,65.58,67.97
2025-12-14,54.48,53.11,52.55,51.78,50.83,50.36,49.96,49.57,49.74,49.38,48.99,48.29,46.5,44.33,42.64,40.44,38.82,36.64,34.32,32.65,34.05,32.12,30,28.18,36.87,39.3,40.17,42.38,46.66,46.99,47.35,47.96,50.19,50.36,50.6,50.82,48.84,49.12,49.22,49.4,49.23,49.83,49.98,49.94,50.6,50.92,50.66,50.65,49.75,50.13,49.74,49.98,49.99,49.94,50.06,50.27,50.11,50.36,50.63,50.77,50.7,51.16,51.52,51.73,52.31,52.99,53.44,53.06,53.83,53.41,52.7,52.56,52.63,52.3,51.89,51.73,51.25,50.94,50.77,50.44,49.81,49.54,49.23,49.01,49.41,49.24,48.98,48.77,48.47,47.97,47.24,45.3,47.59,45.71,43.75,40.61,47.93,50.91
2025-12-15,42.94,37,34.75,32.46,35.26,33.21,32.01,29.08,32.31,31.12,29.78,28.97,30.5,28.91,32.34,28.65,30.28,31.83,32.39,33.31,32,34.33,37.54,43.89,44.19,46.08,48.02,50.1,54.66,55.95,56.23,57.38,61.59,61.84,61.67,60.7,62.04,62.15,62.73,62.89,63.56,63.71,63.71,62.52,64.96,64.7,65.05,64.82,64.42,64.26,66.05,66.89,67.58,67.96,68.35,68.77,67.83,68.45,68.71,68.92,68.4,68.68,68.9,68.9,68.97,68.96,68.94,68.87,69.79,70.12,69.85,69.56,70.23,69.87,69.6,69.49,69.38,69.13,68.96,68.89,68.77,68.44,68.29,66.64,67.11,66.17,65.34,64.23,63.08,62.65,62.1,61.87,61.23,60.6,60.32,59.5,56.63,66.72
2025-12-16,58.95,58.42,57.99,57.25,56.26,56.21,56.15,55.91,54.72,55.06,55.1,55.17,55.69,56.01,56.16,56.26,58.27,58.84,59.25,59.91,61.02,61.81,62.5,63.53,65.58,65.94,66.86,67.77,68.56,68.9,69.34,69.68,70.12,71.5,71.52,71.55,69.74,69.49,69.83,70.17,71.53,71.54,71.55,71.56,72.19,72.38,72.71,73.01,75.06,76.13,76.99,79.99,72.78,73.93,74.5,75.09,75.07,77.25,79.99,80.94,88.68,89.95,96,105.29,123.31,124.98,143.04,156.23,140.52,149.88,146.63,138.44,132.04,125.41,122.44,120.56,92.82,87.84,85,83.57,80,76.09,73.44,71.58,70.71,69.83,69.54,69.22,68.03,67.85,67.64,67.02,66.1,65.83,65.62,64.99,77.64,91.89
2025-12-17,72.52,72.47,72.42,72.37,72.1,72.07,72.03,71.95,72.04,71.2,71.45,71.4,70.27,70.29,70.4,69.96,70.62,70.24,71.26,71.5,71.38,71.51,71.66,71.83,67.83,68.72,69.99,70.64,69.04,69.75,70.88,71.56,72.72,72.79,72.87,72.93,72.73,72.74,72.5,72.57,72.24,72.22,72.23,72.2,72.22,72.22,72.19,72.19,72.25,72.23,72.21,72.21,72.27,72.26,72.24,72.22,72.06,72.04,72.04,72.07,72.15,72.14,72.12,72.11,72.84,72.79,72.75,72.7,80,79.99,79.99,76.96,87.8,87.22,83.46,80,79.99,77.43,76.89,75.94,76.19,76.07,72.6,72.26,72.54,72.23,71.24,70.61,70.99,70.72,69.16,68.19,68.08,67.66,65.04,62.63,72.61,74.39
2025-12-18,63.99,64.39,63.02,61.95,62.57,60.58,58.41,54.81,54.74,51.9,51.21,50.62,47.81,43.38,36.9,33.39,31.33,29.23,28.44,26.66,25.92,27.31,31.21,32.78,40.22,47.33,50.18,51.11,57.68,61,62.24,62.57,63.84,63.89,63.79,63.46,62.97,62.91,62.4,62.59,60.15,59.97,59.04,58.46,59.11,58.92,58.82,58.45,59.35,59.92,59.95,60.53,62.58,62.89,63.36,63.83,64.51,65.01,65.08,66.02,66.34,67.05,67.77,68.82,67.83,68.51,68.95,69.51,70.97,71.51,70.29,69.15,67.35,67.02,66.51,65.24,65.02,64.31,63.41,62.76,63.27,62.9,61.61,58.21,57.67,54.77,50.82,49.86,52.48,52.02,50.56,38.3,31.03,20.43,14.95,9.75,55.56,64.17
2025-12-19,19.54,17.79,15.42,13.03,8.46,6.09,5.22,4.54,4.49,4.47,4.47,4.46,3.58,3.38,3.22,3.51,3.31,3.89,4.19,4.58,4.5,6.91,8.59,16.58,16.5,31.77,38.77,42.63,50.05,52.3,54.15,56.18,55.58,57.06,57.59,57.99,59.53,59.59,59.94,60.18,60.77,61.03,61.26,60.32,61.26,61.31,61.42,61.23,60.07,59.98,59.97,60.01,59.35,59.32,59.52,59.72,59.69,60.01,61.56,62.07,63.24,63.33,63.43,63.49,63.85,63.9,63.9,63.89,64.21,64.15,64.08,63.08,62.32,61.8,60.73,60.63,60.58,60.39,60.3,60.04,59.99,59.84,59.42,59.49,59.76,59.56,59.34,58.71,57.97,57.92,57.69,57.05,56.78,56.09,55.6,54.99,45.58,61.01
2025-12-20,60.24,60.99,61.68,61.39,61.26,61.02,60.92,60.91,60.6,60.76,60.95,61.34,60.29,60.39,60.47,60.83,61.62,61.84,62.04,62.14,62.69,62.86,62.94,62.98,63.78,63.93,63.95,63.97,64.57,64.79,64.99,65.13,64.38,64.53,64.73,64.95,65.19,65.27,65.51,65.77,67,67.87,68.32,68.65,68.73,68.98,69.24,69.47,69.26,69.48,69.78,69.91,68.06,68.04,68.15,68.19,68.03,67.93,68.06,68.18,69.12,69.24,69.46,69.46,69.96,69.95,69.96,69.98,71,71.02,71.02,71.02,70.1,70,70,69.99,71,71,70.41,70.13,67,66.88,66.7,66.64,65.66,65.73,65.59,65.27,65.72,65.63,65.51,65.37,65.06,64.78,64.46,64.41,65.98,68.66
2025-12-21,67.16,67.13,67.12,67.07,66.94,66.94,66.93,66.93,66.93,66.93,66.92,66.92,66.91,66.91,66.91,66.91,66.93,66.92,66.92,66.92,66.4,66.37,66.36,66.36,66.33,66.18,66.32,66.93,65.28,65.94,66.66,67.02,66.91,67.41,68.21,68.43,68.52,68.78,69.04,69.22,69.61,69.74,69.85,69.95,70.3,70.44,70.47,70.5,70.36,70.35,70.41,70.45,69.85,69.92,69.97,70.15,69.78,69.97,70.18,70.44,70.69,71.12,71.81,71.99,72.84,72.87,72.89,73.05,72.81,72.82,72.79,72.67,72.82,72.8,72.05,71.73,72.07,71.82,70.67,70.34,71,69.61,68.51,67.9,69.31,67.69,68.11,66.79,68.65,67.04,66.85,65.51,66.97,65.99,65.09,63.82,68.81,70.66
2025-12-22,67.07,67.35,67.03,66.28,65.89,65.42,65.06,64.86,65.73,65.24,65.02,64.99,63.77,63.76,64.18,64.11,63.41,63.51,63.32,64.38,63.77,64.48,65.97,65.74,65.61,66.9,69.99,71.47,72.63,73.34,73.62,73.72,73.48,73.5,73.43,73.48,73.42,73.47,73.52,73.63,73.8,73.88,73.94,73.98,74.34,74.64,74.85,75.12,74.76,74.81,74.86,74.96,74.24,74.49,74.66,75.17,75.7,76.86,79.08,79.64,79.71,82.09,90.07,98.48,89.96,97.04,98.96,101.26,92.61,89.95,85,84.91,85,79.92,79.14,76.95,75.63,74.66,73.95,73.77,73.77,73.67,73.56,73.44,73.44,73.37,73.21,72.97,73.15,72.86,72.21,70.45,70.01,69,67.08,65.78,73.71,79.18
2025-12-23,68.89,67.99,66.91,64.43,64.56,63.08,63.03,62.41,62.18,60.61,59.62,59.13,58.68,58.34,57.89,56.92,57.02,56.92,56.92,56.86,56.75,56.91,57.65,58.84,62.77,63.99,66.91,68.46,68.43,70.2,72.63,74.01,72.86,74.24,74.45,74.93,74.62,74.67,74.74,74.19,74.44,74.5,74.09,72.37,74.37,73.75,72.73,70.57,73.76,72.04,72.2,71.02,72.63,71.21,70.71,71.12,70.29,71,72.83,73.39,70.48,73.46,74.52,74.92,74.18,73.4,74.55,76.23,74.04,73.3,74.32,74.64,74.8,74.14,74.63,74.46,74.25,73.71,72.95,72.82,74.66,74.02,70.46,68.38,70.9,70.41,67.08,65.76,68.44,68.34,67.51,66.21,66.25,63.65,62.91,60.77,68.85,73.41
2025-12-24,61.81,61.38,58.7,57.44,58.7,57.56,56.83,56.83,58.19,58.9,59.34,58.77,58.97,58.08,57.81,56.75,57.11,57.61,57.29,57.3,57.88,57.2,58.63,59.68,59.91,60.9,61.85,62.53,62.38,63.87,65.68,67.93,68.46,69.87,72.34,75.24,75.59,72.8,72.56,72.09,73.68,72.81,71.6,70.1,69.13,67.43,66.27,65.26,67.48,66.53,65.93,64.98,65,65.08,66.14,66.92,67.03,68.07,70.27,71.91,70.22,73.55,74.62,75.06,73.66,76.03,76.19,76.03,75.8,75.76,75.57,73.64,75.05,72.9,72.86,70.82,71.36,69.86,68.9,67.43,68.65,67.26,65.83,64.73,65.94,65.3,65.4,65.16,67.87,67.02,66.28,64.18,66.12,64.2,63.12,61.83,66.24,70.96
2025-12-25,64.01,62.95,62.98,62.99,61.9,60.97,60.49,59.74,59.41,58.45,58.32,58.14,58.46,57.59,57.28,56.77,56.42,56.07,56.32,56.3,55.6,55.71,55.69,55.14,50.84,54,53.63,54.59,56.61,57.49,58.26,59.54,61.05,62.44,63.47,62.46,64.01,63.12,61.5,60.61,59.92,59.01,58.49,57.59,56.43,56.35,56.19,56.12,56.89,57.49,58.67,59.08,59.43,60.6,60.89,61.23,61.14,63.58,65.31,67.31,68.06,69.83,71.32,72.82,73.26,73.64,74.06,73.77,74.06,73.71,73.26,73.15,72.88,72.87,72.86,72.85,72.85,72.83,72.84,72.83,72.8,72.43,72.08,72.07,70.33,70.48,70.62,70.45,70.35,70.41,70.71,70.82,70.32,70.46,70.9,71.15,63.89,65.5
2025-12-26,75.24,75.14,75.15,75.05,75.5,74.84,74.48,73.24,75.12,73.64,73.07,72.3,73.38,73.14,73.12,73.05,74.64,74.76,74.71,74.7,74.32,74.36,74.62,72.87,72.88,72.99,70.26,70.46,69.93,69.94,69.99,70.12,70.13,70.25,70.43,71.11,72.22,72.82,72.85,72.89,72.86,72.89,73.28,73.9,75.23,75.43,75.55,75.76,75.53,75.41,75.45,75.43,73.96,74.05,75.37,75.24,72.55,73.32,77.01,77.09,75.39,77.15,77.19,77.22,77.37,77.41,77.4,77.29,77.22,77.17,77.1,77.06,76.37,76.04,75.93,75.47,75.64,75.3,74.84,72.9,73.48,72.83,71.7,70.5,71.65,70.87,70.13,70.02,69.24,69.15,69.15,69.02,68.7,68.58,68.33,68.34,73.59,74.91
2025-12-27,68.66,68.33,68.06,68.8,69.27,68.92,68.73,68.54,68.17,68.05,67.87,67.79,67.16,67.27,67.43,67.43,67.1,67.34,67.23,67.17,66.78,66.66,66.51,66.12,66.68,66.45,66.22,66.04,66.08,65.48,65.44,64.75,65.68,65.2,65.04,64.87,65.97,65.74,65.75,65.7,65.53,65.27,65.31,65.42,65.65,65.61,65.42,65.35,64.93,64.79,64.81,64.9,64.38,64.61,64.69,64.84,65.54,65.84,66.44,67.02,67.34,67.91,68.57,68.92,69.62,69.67,69.72,69.76,70.06,70.11,70.14,70.17,68.57,68.72,68.82,68.84,70.22,70.22,70.26,70.28,69.89,69.88,70,70,69.98,69.95,69.89,69.81,68.87,68.94,68.98,68.96,69.56,69.77,69.82,69.86,67.55,67.05
2025-12-28,72.24,72.32,72.34,72.39,72.89,72.87,72.85,72.66,72.64,72.45,72.29,72.16,72.26,72.2,72.07,71.74,70.99,70.96,70.95,70.93,71.9,71.94,72.02,72.05,72.36,72.42,72.45,72.45,72.6,72.49,72.53,72.68,72.74,72.84,73.06,74.01,72.9,73.18,74.03,74.98,74.31,73.29,72.93,72.85,72.71,72.43,72.22,72.07,71.32,71.34,71.41,71.43,71.09,71.04,71.08,71,71.55,71.75,72.08,72.31,70.58,70.85,70.96,71.06,71.29,71.75,71.98,71.09,68.89,68.87,68.87,68.39,68.87,68.69,68.11,68,67.96,67.5,67.45,67.4,68.01,67.44,67.34,67.27,67.03,67,66.96,66.91,66.61,66.62,66.57,66.54,66.52,66.64,66.63,66.58,70.8,71.18
2025-12-29,67.03,66.84,66.65,66.63,66.13,65.99,65.88,65.81,65.37,65.22,65.25,65.25,64.91,64.94,64.99,65,64.81,64.95,64.99,65.32,66.3,66.43,66.32,66.43,66.75,66.98,67.13,67.25,67.66,68.02,68.37,68.69,69.15,69.75,70.07,70.26,70.88,71.37,71.62,71.64,71.76,72.07,72.16,72.01,71.98,72,71.98,72,71.88,71.87,71.79,71.69,72.6,72.62,72.65,72.67,72.9,73.15,73.15,73.33,72.96,73.13,73.52,73.44,74.56,74.57,74.59,74.57,74.79,74.74,74.72,74.72,73.48,73.3,73.32,73.2,72.67,72.48,72.37,72.23,72.37,72.17,71.7,71.67,70.51,70.33,70.01,69.92,69.97,69.66,69.42,69,69.11,68.95,68.82,68.57,70.05,72.59
2025-12-30,72.8,73.96,70.95,69.68,72.14,70.5,69.72,69.53,71.08,69.93,69.08,68.1,68.43,67.43,67.11,66.22,66.45,66.11,67.1,66.75,68.12,69,69.92,71.65,70.11,72.92,75.49,76.85,77.16,77.48,77.61,77.7,77.84,77.91,77.96,78.99,80.16,81.99,82.72,77.6,91.83,83.65,78.02,77.34,78.89,77.65,76.94,74.78,76.61,74.65,73.84,70.79,70.71,72.59,76.97,77.65,76.55,77.65,85.05,93.95,87.83,91.3,103.26,109.16,97.49,104.55,105.13,116.49,106.13,111.24,106.78,106.84,112.22,105.8,103.02,103.36,103.13,102.44,101.74,101.69,101.26,99.21,97.26,92.19,97.77,91.75,87.34,83.78,97.05,86.23,83.03,80,83.15,78.65,77.85,77.18,82.93,89.19
2025-12-31,86.93,87.43,83.45,79.6,84.57,80.9,79.58,79.16,79.52,79.1,77.36,75.01,77.13,74.56,73.39,73.04,73.28,73.44,73.04,73.26,73.65,73.66,76.05,77.42,77.12,78.83,79.42,79.78,79.09,79.58,84.43,88.47,88.8,95.27,94,93.83,99.53,96.63,93.45,84.78,99.01,90.14,87.18,84.07,88.55,86.35,84.22,81.74,85.78,84.22,84.22,87.56,85.71,86.79,87.67,91.27,84.96,88.07,87.86,90.23,87.67,92.58,94.58,99.91,93.42,103.76,106.87,111.17,108.89,104.14,106.3,116.31,108.51,109.21,103.75,104.32,91.5,91.64,95.14,94.09,79.93,79.82,79.43,78.27,79.24,78.34,75.21,73.96,77.41,75.92,74.67,71.51,71.99,69.46,68.3,65.31,85.68,94.08
2026-01-01,65.6,64.61,63.31,61.22,62.1,61.17,59.66,58.01,61.27,60.01,58.74,57.4,60.42,57.95,50.48,49.62,48.92,44.94,48.32,48.9,45.76,45.4,48.04,39.92,36.13,36.66,38.29,39.38,39.99,42.23,43.2,42.61,46.04,45.23,42.8,39.96,58.23,55.61,51.24,40.52,57.87,53.16,48.61,48.65,57.02,54.57,54.85,56.65,61.22,61.29,61.17,60.96,60.59,60.56,60.03,60.31,54.18,57.9,58.06,60.39,60.36,61.84,62.54,63.79,64.16,65.32,65.22,65.54,67.78,67.1,66.27,66.27,68.14,67.95,68.48,68.54,66.92,67.93,67.11,67.57,66.64,66.32,66.21,64.62,65.41,64.43,63.9,63.56,62.21,62.63,63.75,63.34,60.68,59.95,58.83,58.01,57.26,59.3
2026-01-02,63.81,60.83,60.61,58.66,56.83,55.79,54.68,54.04,51.99,51.89,45.88,43.91,38.2,37.85,39.1,37.78,39.53,39.53,39.57,40.21,40.59,42.69,43.59,46.78,52.1,52.96,55.45,57.61,55.75,61.09,66.27,68.9,68.58,70.89,72.21,72.92,72.85,72.82,73.88,72.51,71.57,70.57,70.47,70.48,70.28,69.89,69.53,69.28,68.93,68.88,68.84,69.3,70.77,70.53,70.49,71.85,71.47,73.08,73.5,75.14,74.21,76.73,78.84,79.93,77.37,80.22,81.53,84.41,81.99,83.27,83.32,84.2,84.35,85.22,86.65,85.39,87.01,87.1,85.26,83.73,88.01,86.16,83.96,82.54,82.21,81.79,81.54,80.93,81.95,81.71,81.62,81.47,81.2,80.56,79.24,76.8,68.42,75.88
2026-01-03,81.14,80.22,76.8,74.68,78.2,76.19,75.76,75.64,75.66,74.57,73.4,72.76,74.15,73.08,71.95,71.48,72.38,71.24,71.29,72.19,71.74,72.12,73.03,74.57,71.04,72.81,74.82,76.67,76.26,75.04,77.67,80.23,83.42,84.86,86.17,88.59,92.51,92.63,91.42,88.21,95.87,92.05,88.61,85.12,89.14,86.27,85.13,83.36,85.13,84.36,84.46,84.86,83.19,82.89,83.36,86.23,82.5,85.42,87.89,91.83,87.21,91.1,93.68,94.68,91.84,96.3,97.85,100.93,102.86,106.58,107.56,108.44,109.3,107.57,106.59,106.09,107.56,102.63,99.35,96.49,96.2,95.96,94.8,91.42,92.82,89.16,88.34,83,90.95,88.16,88.01,84.45,88.3,83.95,81.49,79.96,86,92.71
