Date,00-01,01-02,02-03,03-04,04-05,05-06,06-07,07-08,08-09,09-10,10-11,11-12,12-13,13-14,14-15,15-16,16-17,17-18,18-19,19-20,20-21,21-22,22-23,23-00,Baseload,Peakload
2025-01-24,17.85,17.49,17.42,17.38,17.27,18.37,19.82,23.13,24.69,24.19,23.39,22.25,22.37,23.74,23.21,22.36,22.88,19.51,18.11,16.39,15.6,12.7,5.79,3.71,18.73,21.92
2025-01-25,2.8,2.32,1.51,1.31,1.29,1.1,1.49,2.22,2.79,3.07,2.91,2.74,2.95,2.61,2.6,2.36,2.3,2.02,2.27,2.09,2,1.76,1.53,0.52,2.11,2.56
2025-01-26,1.46,1.38,1.52,1.59,2.05,2.27,2.16,2.37,2.37,2.22,2.78,3.24,4.04,4.64,5.04,5.06,5.05,5.04,5.02,4.99,5,4.96,4.64,5,3.5,4.12
2025-01-27,5.06,5.05,5.09,5.49,7.01,9.61,5.03,5.02,8.31,11.02,12.11,7.07,6.55,7,7.05,12.08,12.42,12.06,9.38,7.61,6.83,6.89,8.29,12.55,8.11,9.39
2025-01-28,16.43,15.08,14.74,15.32,14.81,14.87,21.49,28.33,37.44,51.12,63.01,81.22,70.01,87.19,109.44,105.56,126.5,125.61,117.01,105.08,80.71,67.03,51.07,42.23,60.89,89.93
2025-01-29,44.06,42.93,42.37,42.07,42.78,43.99,38.6,71.18,82.34,53.86,46.85,39.25,46.9,30.23,16.37,13.62,12.12,10.96,10.68,9.18,6.39,5.7,5.25,4.54,31.76,31.03
2025-01-30,4.32,4.42,4.61,5.07,5.39,6.01,6.32,6.53,6.99,8.38,8.87,9.18,9.06,8.58,8.3,6.93,6.58,6.86,6.3,6.18,6.03,5.89,5.71,5.32,6.58,7.68
2025-01-31,4.86,4.58,4.58,4.67,4.84,5.22,5.05,5.21,5.34,5.13,5,5.24,5.34,5.14,5,4.8,4.73,4.41,4.28,4.28,4.4,4.4,4.41,4.42,4.81,4.89
2025-02-01,3.79,3.64,3.09,2.76,2.37,2.51,2.94,3.48,3.69,4.22,4.81,5.11,5.33,5.34,5.37,5.43,5.53,5.58,5.52,5.55,6.03,6.15,6.48,7.04,4.66,5.12
2025-02-02,6.88,6.83,6.89,6.64,6.51,6.8,7,8.04,8.6,10.08,11.92,14.5,14.91,14.69,14.43,13.91,16.11,19.58,18.36,25.83,18.26,25.35,27.1,25.24,13.94,15.24
2025-02-03,16.94,17.28,17.61,17.79,22.65,37.54,40.68,76.02,73.62,82.38,88.27,113.36,117.78,115.58,100.45,80,36.4,29.62,20.94,19.3,18.55,16.5,15.65,14.01,49.54,73.14
2025-02-04,13.9,12.88,12.04,11.4,10.95,11.83,10.29,9.73,10.15,9.05,10.37,10.3,9.99,8.03,7.95,7.12,6.97,6.34,5.89,5.4,4.52,4.34,3.81,3.2,8.6,8.13
2025-02-05,3.11,2.64,2.51,2.5,3.06,4.01,4.16,4.74,5.23,5.3,5.44,5.28,5.15,4.97,4.92,4.94,4.93,5.13,5.3,5.08,4.68,4.58,4.59,4.55,4.45,5.14
2025-02-06,3.27,3.36,3.43,3.63,3.54,3.77,4.07,4.53,4.52,4.49,4.35,4.13,4.02,3.8,3.78,3.77,3.61,3.78,3.74,3.66,3.24,3.33,3.31,3.02,3.76,3.97
2025-02-07,3.45,3.1,3.1,3.38,3.57,4.43,5.43,6.42,7.85,9.23,8.72,8.82,11.3,12.42,12.36,12.46,12.42,13.26,13.22,11.35,10.68,9.9,7.95,5.95,8.37,11.12
2025-02-08,5.2,4.82,4.74,4.64,4.81,5.23,5.81,6.3,6.07,5.93,5.94,5.97,6.33,6.79,6.77,6.27,6.58,6.61,6.64,6.69,6.81,6.84,7.64,7.98,6.14,6.38
2025-02-09,6.73,6.69,6.59,6.4,6.56,6.19,6.08,5.84,5.89,5.94,5.51,5.43,5.43,5.35,4.94,4.52,3.98,4.45,4.05,3.53,3.16,2.99,2.81,2.45,5.06,4.92
2025-02-10,3.28,2.98,3.66,4.04,5.05,6,6.06,6.24,6.95,6.23,7.73,11.18,12.24,12.06,10.26,9.58,6.95,5.35,5.18,5.19,6.17,6.44,6.29,6.29,6.73,8.24
2025-02-11,8.12,8.61,9.99,9.63,10.25,8.22,7.42,6.7,7.5,7.82,8.82,9.06,10.61,12.17,12.16,10.64,10.63,10.22,8.23,7.42,8.91,7.53,6.25,4.65,8.82,9.61
2025-02-12,3.8,3.77,3.77,5.06,5.91,6.5,6.28,6.24,6.97,7.76,10.08,12.94,16.63,17.31,15.25,14.61,14.81,14.97,16.54,15.28,18.34,16.94,17.79,15.11,11.36,13.6
2025-02-13,18.9,15.12,14.36,13.65,13.69,16.6,26.7,60.24,44.99,76.9,66.54,59.1,62.81,56.57,47.08,45,29.99,30.99,47.5,64.69,77.36,71.92,72.13,57.24,45.42,52.68
2025-02-14,54.29,56.93,55.42,51.94,33.54,14.82,31.32,40.73,62.8,74.99,103.04,139.03,101.8,100,100,68.19,20.02,14.13,13.05,11.73,10.13,9.22,7.97,6.95,49.25,67.4
2025-02-15,6.59,6.48,6.15,5.04,4.74,5.24,5.91,6.48,6.42,6.66,7.86,9.99,10.73,10.36,10.57,7.61,6.14,6.78,7.98,6.78,7.2,6.83,6.3,6.31,7.13,8.16
2025-02-16,6.14,6.1,6.03,5.93,5.95,6.14,6.15,8.7,9.39,4.76,7.89,11.53,8.83,12.93,12.4,13.16,12.53,13.21,13.68,14.68,14.5,14.25,14.18,14.27,10.14,11.25
2025-02-17,8.62,10.61,10.92,11.96,10.14,15.5,14.56,10.93,12.8,14.67,15.51,17.96,37.21,42.53,27.64,17.16,17.82,27.89,31.97,17.95,15.21,13.94,12.06,10.48,17.75,23.43
2025-02-18,5.44,4.66,4.25,3.77,3.26,3.49,4.26,5.16,5,4.93,5.6,6.43,6.92,7.24,7.83,7.94,8.03,6.94,6.17,6.23,6.11,6.52,6.77,8.49,5.89,6.61
2025-02-19,6.45,6.73,6.94,8.02,9.31,6.8,6.94,7.82,6.99,6.85,6.66,6.55,6.54,6.55,6.53,6.61,6.45,6.33,6.27,6.23,6.09,6.01,5.68,4.46,6.66,6.55
2025-02-20,5,4.99,5.15,5.86,7.73,7.47,6.03,5.9,5.03,5.33,4.91,5.03,5.57,5.67,4.91,4.64,4.2,4.03,3.51,3.28,3.01,3.05,2.61,2.06,4.79,4.68
2025-02-21,1.4,0.95,0.78,0.79,1.01,1.8,1.36,2,2.83,3.02,3.02,3.21,3.17,3.36,3.05,3.65,3.2,3.08,2.5,2.6,2.61,2.89,2.53,2.12,2.37,3.06
2025-02-22,1.93,1.71,1.52,1.58,1.59,1.4,1.63,1.71,1.85,1.93,2.13,2.6,2.53,2.29,1.97,1.98,2.06,2.27,2.3,2.04,1.87,1.86,1.85,1.38,1.92,2.16
2025-02-23,0.12,0.11,0.1,0.1,0.11,0.94,0.89,2.06,2.25,2.91,3.57,3.73,3.96,4.11,4.04,3.93,4.24,4.89,4.86,4.61,4.25,3.88,3.85,3.75,2.8,3.93
2025-02-24,3.19,2.83,2.22,1.68,1.91,2.43,2.87,2.78,2.93,2.99,2.96,3.06,2.65,2.39,2.25,2.01,2.09,1.93,2.22,2.32,2.25,2.29,2.25,2.09,2.44,2.48
2025-02-25,1.68,1.64,1.73,2.25,2.6,3.28,4.23,5.04,5.4,5.45,5.93,5.92,5.83,5.71,5.57,5.75,5.51,5.9,6.45,6.46,7.62,10.22,6.72,6.03,5.12,5.82
2025-02-26,10.49,10.05,10,10.08,10.59,11.03,10.56,10.01,10.65,10.66,11.25,11.43,11.55,11.7,11.65,11.75,11.4,11.14,10.78,10.53,10.31,10.27,9,6.42,10.55,11.21
2025-02-27,6.4,6.41,7.78,9.57,10.28,11.09,10.94,11.46,11.81,11.88,11.59,11.54,11.66,11.98,11.78,11.82,11.63,11.46,11.14,10.76,10.3,10.05,8.1,6.35,10.32,11.59
2025-02-28,4.76,4.56,4.39,4.41,4.58,4.5,4.86,6.04,7.3,5.12,6.45,5.68,4.68,4.97,4.1,3.91,4.51,3.51,3.56,4.48,4.39,4.25,4.2,4.14,4.72,4.86
2025-03-01,2.7,4.21,4.43,4.61,4.95,5.01,5.33,5.75,5.56,5.65,10.78,11.15,10.82,14.39,11.55,10.18,5.11,4.11,3.71,3.78,3.78,3.72,3.61,3.05,6.16,8.07
2025-03-02,2.38,2.18,1.95,1.52,1.59,1.58,1.7,1.9,1.95,2,1.63,1.3,0.92,1.11,1.29,2.03,2.54,3.49,3.37,3.44,3.23,3.09,2.76,2.11,2.13,2.09
2025-03-03,2.3,2.13,1.82,1.27,1.27,2.12,2.73,3.23,3.33,3.53,3.44,3.06,2.27,1.73,2.02,1.99,2.16,2.26,2.08,2.08,1.99,1.23,0.43,0,2.1,2.5
2025-03-04,-0.09,-0.11,-0.1,-0.1,0,1.05,2.21,2.64,3.11,3.58,3.68,3.62,3.7,3.82,4.71,8.73,11.9,13.96,13.59,13.42,4.67,3.61,2.85,1.44,4.41,7.32
2025-03-05,0.03,-0.05,-0.17,-0.19,-0.11,0,1.16,2.48,2.87,2.43,1.18,0.01,-0.2,0,1.12,2.14,3.15,3.22,3.25,3.16,3.21,3.42,2.89,2.23,1.55,1.86
2025-03-06,2.92,2.51,2.4,2.23,2.3,3.33,6.66,6.51,7.2,5.95,4,3.44,1.67,1.12,2.68,2,0.77,2.8,3.14,3.27,2.97,3.71,3.89,4.68,3.42,3.17
2025-03-07,5.65,6.04,8.45,11.78,17.37,20.63,24.69,26.57,28.53,22.13,24.09,21.17,9.55,6.29,18.34,9.4,5.68,5.23,5.74,4.51,3.22,3.13,2.83,2.26,12.22,13.39
2025-03-08,0.2,0.01,0,-0.03,-0.01,-0.01,-0.02,-0.02,-0.02,-0.01,0.77,0.35,0.47,0.42,0.46,-0.03,0.01,0.49,0.59,0.12,0.14,0.17,1.19,1.73,0.29,0.3
2025-03-09,1.64,2.13,2.64,3.78,4.89,5.87,6.4,11.95,31.99,16.7,14.38,5.35,4.67,5.03,8.49,23.57,47.99,69.91,129.66,125.4,66.57,48.84,41.28,39.3,29.93,40.26
2025-03-10,34.44,34.27,35,34.99,36.5,40.58,31.67,35.11,92.52,48.6,36.58,48.11,44.12,42.37,36.16,38.78,44.41,52.55,47.91,34.12,24.77,19.03,17.93,16.36,38.62,47.19
2025-03-11,35.15,29.52,27.02,22.66,26.54,38.62,34.57,57.41,112.02,114.26,91.33,88.26,102.97,102.44,92.22,98.88,95.12,67.21,51.64,45.79,42.24,39.34,39.51,36.68,62.14,88.51
2025-03-12,55.42,51.35,42.02,37.19,33.02,32.96,42.76,78.78,73.33,89.2,64.18,70.02,70.47,68.7,74.48,62.08,71.71,63.18,108.11,122.56,119.94,92.27,92.33,94.76,71.28,78.17
2025-03-13,88.02,83.42,80.02,78.48,79.38,96.02,131.15,156.7,147.24,100.83,70.33,77.31,61.87,60.31,60.71,59.26,64.87,74.59,77.67,60.63,14.16,24.4,28.15,12.01,74.48,76.3
2025-03-14,18.02,15.76,15.13,14.23,13.87,16.32,21.52,23,22.52,19.99,17.76,15.88,11.74,10.11,9.55,9.61,16,20.61,22.87,18.92,12.25,7.08,2.17,-0.15,14.78,16.3
2025-03-15,-0.05,0.07,0.06,0.05,-0.08,-0.11,-0.05,0.02,0.05,0.02,0.03,0.01,-0.02,0,0.34,1.84,2.84,4.14,4.44,4.38,3.96,3.5,2.22,1.33,1.21,1.51
2025-03-16,0.11,-0.11,-0.11,-0.1,-0.1,1.02,2.27,2.96,3.51,3.05,2.05,0.95,0.68,0.74,1.25,2.66,3.83,5.83,6.17,6.33,5.14,5.11,4.69,4.41,2.6,3.09
2025-03-17,4.14,4.27,4.21,5.61,6.73,13.62,18.5,21.96,19.28,14.18,7.21,5.49,4.99,5.03,6.58,10.36,15.21,20.28,25.69,23.45,18.43,14.54,10.14,7.87,11.99,13.15
2025-03-18,6.26,5.76,6.6,7.13,9.99,16.53,18.83,19.27,14.47,7.26,1.65,0.22,0,-0.1,-0.16,0.28,1.37,2.24,3.78,1.77,0.99,0.02,-0.16,-1,5.13,2.73
2025-03-19,-0.91,-1.17,-1.49,-0.16,0.03,2.26,5.81,10.03,9.09,5.41,3.83,2.23,1.01,1.05,3.2,5.51,8.72,15.07,15.95,16.55,11.19,9.28,7.63,7.16,5.72,7.3
2025-03-20,7.21,7.97,8.6,9.42,10.13,16.02,18.01,21.1,28.66,35.71,29.2,9.55,7.05,7.4,12.21,18.81,21.47,19.24,31.23,25.63,18.98,20.01,20.79,17.03,17.56,20.51
2025-03-21,19.51,22.51,25.57,26.83,31.11,27.29,34.39,75.12,36.36,43.35,44.11,10.67,7.39,6.17,7.03,11.36,11.02,15.37,18.52,12.49,6.41,5.53,2.67,0.71,20.9,18.65
2025-03-22,2.07,0.58,0.39,0.35,0.41,0.25,0.18,-0.05,0.18,0.06,-0.22,-3.49,-10.02,-9.42,-3.49,-0.16,1.19,2.45,2.92,1.93,0.17,0.07,-0.15,-0.16,-0.58,-1.51
2025-03-23,-0.3,-0.16,-0.16,-0.15,-0.05,0.18,0.22,0.99,1.93,2.23,2.29,2.3,1.92,1.68,2.2,2.83,3.68,5.84,6.26,6.17,5.64,5.27,5,4.91,2.53,3.28
2025-03-24,3.19,3.12,3.64,4.1,4.83,6.74,8.3,10.49,13.08,10.82,7.96,6.56,5.7,5.41,5.76,5.2,5,5.47,6.01,4.38,3.23,0.36,1.22,-0.02,5.44,6.78
2025-03-25,-0.1,-0.1,-0.1,-0.05,-0.02,1.73,2.25,4.17,6.44,5.1,5.53,6.9,7.41,8.39,7.8,9.73,14.05,18.14,16.98,22.56,17.17,15.53,12.64,11.76,8.08,10.75
2025-03-26,8.83,8.96,8.5,10.06,10.91,13.77,18.67,20.79,22.76,16.69,14.88,14.44,14.03,10.81,9.44,9.78,8.9,7.53,7.59,6.48,5.08,5.06,2.62,0,10.69,11.94
2025-03-27,-0.01,-0.02,-0.03,-0.03,0.55,1.21,1.25,3.02,3.16,3.35,4.16,3.77,3.03,2.29,2.97,3.68,3.77,2.24,5.48,5.26,4.59,3.92,3.59,3.36,2.69,3.6
2025-03-28,2.96,2.2,1.27,1.14,0.76,1.82,3.19,3.75,4.25,3.58,1.88,1.29,-0.01,-0.05,-0.19,-1.09,-0.16,1.22,1.25,0.91,0.45,0.32,0.17,0.04,1.29,1.07
2025-03-29,1.05,0.6,0.1,0.1,0.11,0.12,0.92,1.26,2.09,2.16,1.48,1.1,0.87,0.29,1.18,2.59,3.03,3.39,3.9,3.82,3.83,4,4.2,4.79,1.96,2.16
2025-03-30,5.96,6.92,4.79,4.79,3.9,3.9,3.84,3.93,4.49,5.01,5.36,5.24,4.12,4.6,4.21,4.63,7.91,13.53,25.34,15.34,12.27,14.81,11.31,11.63,7.96,8.32
2025-03-31,9.9,9.33,8.91,9.05,8.64,8.77,15.69,18.52,23.6,24.94,26.45,19.58,15.59,14.05,13.23,13.67,14.55,29.36,23.42,32.33,30.55,23.26,14.62,11.57,17.48,20.9
2025-04-01,5.69,4.72,4.49,4.14,4.22,4.23,4.67,2.64,3.55,4.33,4.69,4.75,5.98,5.44,4.58,6.31,3.61,3.78,3.96,2.56,1.87,-0.01,-0.09,-0.4,3.74,4.46
2025-04-02,-2,-2.4,-2.5,-2.14,-2.04,-0.93,-0.1,-0.05,1.43,2.02,2.96,1.16,-0.06,-0.38,-0.32,-0.05,2.24,4.83,3.37,3.6,3.09,3.1,2.71,1.98,0.81,1.73
2025-04-03,1.39,0.09,-0.06,-0.09,-0.1,-0.09,0.36,0.53,-0.06,-0.07,0.1,-1.05,-2.93,-6.04,-4.05,-2.53,-6,-3,-2.16,-2.07,-2.11,-2.45,-3,-6.99,-1.77,-2.49
2025-04-04,-5.97,-8.32,-8.25,-6.79,-4.55,-2.89,-1.46,-0.58,-0.27,-0.77,-1.04,-2,-1,-1.01,-1.06,-0.41,0.17,-0.04,2.27,2.88,3.01,2.99,2.83,3.01,-1.22,-0.19
2025-04-05,-0.79,-0.54,-0.46,1.2,2.3,4.44,6.53,7.71,9.47,6.46,3.76,1.76,-0.58,-3.19,-3.53,-2.86,1.48,5.04,5.98,7.3,6.25,5.54,5.04,5.27,3.07,2.59
2025-04-06,4.43,3.84,2.21,-1.25,2.28,-3.66,1.43,-3,2.28,3.09,0.81,-1.04,-1.51,-2.36,-5.93,-1.18,2.18,5.94,1.09,-2.48,-2,-2.01,-1.36,-1.21,0.02,0.07
2025-04-07,6.17,6.84,7.09,7.61,9.26,17.67,38.92,182.83,144.61,106.86,60.87,50.74,40.06,18.33,36.81,49.27,52.97,98.76,127.3,168.12,164.6,134.57,117.6,60.88,71.2,79.56
2025-04-08,26.27,22.25,17.5,18.96,13.43,8.32,9.94,30.53,37.97,64.88,36.89,11.99,7.91,6.53,6.41,6.78,5.85,3.42,2.71,2.16,1.24,1.02,-0.05,-0.15,14.28,16.13
2025-04-09,-0.05,-0.31,-1.01,-0.18,-0.25,-1,-0.04,0.08,0.71,-0.15,0.58,-0.16,-1.98,-1.38,-2.23,-3.8,-1.26,-0.18,-0.04,-0.06,1.24,1.82,2.77,2.25,-0.19,-0.83
2025-04-10,3.45,5.26,6.17,7.07,8.84,43.77,129.99,180.61,140.8,34.57,15.25,7.11,6.43,3.7,2.69,3.96,5.46,6.34,6.37,6.35,5.61,5.08,4.45,3.65,26.79,19.92
2025-04-11,3.41,3.28,3.34,3.47,4.08,6.03,9.96,43.46,46.69,40.03,29.48,13.28,7.22,4.65,6.51,11.68,26.23,45.44,67.3,71.39,29.89,7.41,7.51,5.82,20.73,30.83
2025-04-12,6.71,4.61,2.72,2.76,2.74,2.03,1.53,2.1,2.37,2.57,2.35,-0.01,-2.01,-10.77,-14,-4.46,1.55,4.69,4.48,4.53,4.79,4.61,4.28,3.48,1.4,-0.73
2025-04-13,3.83,3.01,2.99,3,2.99,2.86,3.01,3.76,5.89,5.37,2.6,0.13,-1.37,-2.7,-2.08,-0.2,2.46,5.88,3.91,3,2.15,1.84,1.23,0.17,2.24,1.91
2025-04-14,1.68,1.28,0.96,1.27,1.5,2.37,2.95,3.57,4.92,4.03,3.64,3.5,3.03,2.87,2.29,2.26,2.36,2.32,3.65,3.84,3.97,3.64,3.21,2.32,2.81,3.23
2025-04-15,2.55,2.37,2.34,2.75,2.92,4.21,7.45,11.56,9.44,8.98,9.29,5,2.94,3.14,4.04,6.61,6.75,7.63,7.67,7.67,7.98,5.95,4.31,2.99,5.69,6.6
2025-04-16,2.73,2.36,2.25,2.38,2.8,3.53,4.89,5.96,7.6,9.5,9.71,8.68,7.71,7.48,6.91,6.05,5.92,5.78,5.43,5.23,4.25,3.81,3.5,3.19,5.32,7.17
2025-04-17,3.32,3.54,4.04,4.82,4.87,5.06,6.47,6.59,8.83,31.18,35.94,28.43,12.41,8.84,8.74,16.11,14.39,8.88,7.23,5.88,4.84,4.02,3.59,3.2,10.05,15.57
2025-04-18,3.69,3.64,3.73,3.88,4.27,4.6,5.07,6.33,7.1,8.27,8.26,7.42,7.21,7.14,7.54,8.12,10.85,20.38,17.33,11.04,7.97,7.23,6.52,5.71,7.64,10.06
2025-04-19,6.15,5.96,5.09,4.83,4.67,4.83,5.15,6.48,7.73,9.25,15.3,5.37,3.54,2.11,2.49,3.81,6.83,6.8,6.41,6.04,4.99,4.86,4.65,3.94,5.72,6.31
2025-04-20,3.96,3.83,3.68,3.85,3.93,4.82,6.65,8.86,30.33,12.75,5.1,3.98,3.59,3.65,4,6.25,21.22,33.66,45.14,41.57,18.86,12.28,8.45,7.37,12.41,17.6
2025-04-21,8.86,8.39,7.65,7.47,7.01,7.1,6.29,7.19,9.8,11.14,11.26,10.02,10.47,8.73,8.2,9.61,11.93,10.66,11.88,10.23,9.27,7.54,6.41,6.41,8.9,10.33
2025-04-22,7.77,9.75,25,35.64,47.64,57.57,56.11,140.05,176.24,119.46,100.97,95.53,86.49,69.45,75.86,83.16,89.08,104.7,126.91,201.14,275.19,157.28,126.15,109.32,99.02,110.75
2025-04-23,77.25,12.62,7.84,6.07,4.94,4.39,3.58,5.82,4.62,4.35,4.27,4.19,4.29,4,3.15,3.9,4.02,4.71,8.61,24.18,33.23,31.06,25.94,23.6,12.94,6.19
2025-04-24,14.94,18.99,30.87,26.11,58.07,74.97,113.37,123.76,123.89,110.94,95.66,62.18,45.74,15,10.88,9.97,8.51,9.67,11.55,15.6,24.73,12.01,6.32,5.07,42.87,43.3
2025-04-25,3.58,3.43,3.44,3.48,3.82,4.26,4.93,8.49,40.06,12.07,7.49,6.61,5.63,7.62,6.88,4.5,3.81,4.27,4.45,4.97,4.12,4.3,4.28,3.65,6.67,9.03
2025-04-26,3.64,3.61,3.48,3.94,4.19,4.36,7.06,25.32,36.6,23.72,5.75,3.01,0.9,0.37,-0.01,1.37,3.95,28.09,50.37,64.08,26.16,7.79,5.72,4.93,13.27,18.18
2025-04-27,5.3,5.24,6.34,5.99,6.15,6.5,4.46,5.22,6.53,2.72,0.92,-1.8,-7.06,-11.22,-12.78,-6.12,1.65,5.96,5.58,5.41,5.48,5.08,5.08,5.03,2.32,-0.85
2025-04-28,5.35,5.79,5.28,4.85,4.84,4.8,4.27,5.68,6.97,7.33,8.92,2.88,1.19,-0.91,0.08,1.27,2.47,3.86,3.88,3.88,3.76,3.23,2.88,2.72,3.97,3.49
2025-04-29,2.21,1.76,1.24,0.87,0.1,1.06,2.56,1.62,2.31,4.25,4.75,2.99,1.71,1.01,1.65,2.53,6.71,6.4,7.02,14.79,18.52,15.83,10.94,7.32,5.01,4.68
2025-04-30,8.17,7.13,6.82,6.12,5.98,5.89,6.94,8.07,9.44,9.15,8.33,4.67,3.43,2.56,2.81,3.39,10.8,7.09,8.66,9.4,8.46,4.82,6.1,5.18,6.64,6.64
2025-05-01,4.87,4.77,4.38,4.89,4.86,4.86,6.53,8.59,25.49,11.79,2.81,1.82,1.03,-0.15,-2.46,-0.02,2.51,5.21,4.26,3.59,2.38,1.74,0.61,0.14,4.35,4.66
2025-05-02,-0.01,-0.01,-0.02,-0.01,0,0.39,1.7,2.69,3.08,3.23,1.67,0.79,-0.04,-1.68,-1.55,0.48,1.31,3.33,3.21,3.05,2.7,2.55,1.88,1.33,1.25,1.41
2025-05-03,1.15,0.48,0.24,0.49,0.5,-0.01,0.06,1.26,0.49,1.54,0.48,0.11,-0.16,-1.44,-1.49,0,0.92,3,2.96,3.29,3.18,2.98,2.33,1.42,0.99,0.81
2025-05-04,2.17,1.72,0.41,0.73,0.43,0.46,0.5,0.01,0.47,-0.1,-0.11,-0.18,-0.1,-1.01,-2.86,-0.62,0.48,3.13,3.16,4.1,4.83,4.99,5.35,6.09,1.42,0.53
2025-05-05,4.22,5.22,6.14,4.28,5.92,7.22,14.51,45.53,46.84,18.01,9.86,8.43,7.11,6.76,6.31,6,6.66,7.35,4.64,4.74,5.53,6.37,8.84,7.52,10.58,11.06
2025-05-06,9.22,9.63,9.83,9.89,12.17,22.13,67.02,83.6,77.64,56.94,32.68,8,5.84,5.62,4.85,4.25,4.68,9.05,19.24,45.48,64.85,67.03,36.27,25.01,28.79,22.86
2025-05-07,22.34,14.25,12.58,12.89,19.36,55.3,111.76,143.95,123.36,92.25,60.67,65.51,57.06,31.17,26.61,24.43,30.78,83.88,93.38,91.65,89.04,93.93,107.04,94.17,64.89,65.06
2025-05-08,95.46,90.4,90.81,92.67,96.2,111.28,135.7,152.62,126.37,102.04,90.35,77.79,66.13,64.24,72.78,90.2,92.25,102.97,113.5,121.21,142.52,127.09,106.02,92.67,102.22,93.32
2025-05-09,51.89,52.51,52.84,46.61,39.91,54.53,12.28,43.1,91.62,83.07,59.71,55.29,49.44,44.34,40.46,47.06,51.67,57.2,48.61,45.09,38.85,39.41,34.51,23.44,48.48,56.13
2025-05-10,26.54,32.36,39.34,38.44,33.35,38.93,41.69,57.95,50.25,25.53,13.01,11.77,10.02,9.46,9.34,10.86,15,43.22,71.99,50.31,23.41,29.09,33.36,17.35,30.52,26.73
2025-05-11,18.25,25.47,33.65,28.71,28.21,29.39,41.15,53.46,14.21,10.82,9.21,5.24,4.78,5.05,4.1,4.31,8.53,31.14,48.16,19.46,17.16,9.8,12.53,25.82,20.36,13.75
2025-05-12,37.85,51.84,62.6,57.81,53.64,65.54,9.65,48.31,111.54,70.26,34.5,34.18,28.65,14.64,18.62,31.36,39.05,13.87,11.15,8.88,8.73,9.67,15.57,8.52,35.27,34.73
2025-05-13,4.95,5.78,4.4,1.37,1.47,0.64,3.04,4.67,4.76,8,9.37,5.88,4.95,0.56,3,3.26,3.65,-2.42,-13.62,-21.52,-33.79,-21.98,-10.68,-11.09,-1.89,0.49
2025-05-14,-0.02,-0.02,-0.02,-0.11,-0.15,-0.07,-3.54,-19.45,-15.76,-8.77,1.04,-0.11,-0.29,-0.39,-0.38,-0.18,-1.64,-1.42,-11.26,-12.54,-15.13,-18.02,-14.76,-13.02,-5.67,-4.31
2025-05-15,-5.98,-3.07,-6.9,-9.31,-8.54,-5.78,-1.35,-7.8,-6.05,-0.59,1.98,0.93,0.78,0,0.01,0.37,1.48,3.36,-3.01,-8.4,-10.34,0.44,3.59,4.64,-2.48,-0.76
2025-05-16,5.25,4.35,4.19,4.48,4.88,7.62,5.92,8.02,8.61,12.33,8.04,4.24,3.57,3.3,3.38,3.03,4.19,8.05,9.18,9.64,9.67,8.93,7.64,5.44,6.41,6.46
2025-05-17,3.67,2.86,2.51,2.77,2.49,3.92,6.02,8.05,8.73,4.22,2.21,-0.03,-0.31,-0.29,0,1.29,3.11,7.78,12.7,12.9,9.29,8.52,7.47,5.78,4.82,4.36
2025-05-18,4.48,4.39,4.33,4.3,3.67,3.68,5,6.02,6.09,5.05,2.33,1.87,0.23,-1.98,-2.25,-0.04,2.45,7.08,9.78,12.75,13.62,11.32,8.93,7.57,5.03,3.61
2025-05-19,5.73,5.14,5.1,4.63,4.65,5.01,5.68,7.99,8.94,9.32,7.7,6.47,5.64,4.59,4.63,5.11,6.35,5.65,6.05,4.96,4.72,5.23,5.64,4.23,5.8,6.28
2025-05-20,1.68,0.51,-0.06,-0.1,0.07,0.07,2.17,2.16,3.18,2.16,1.67,0.64,0.01,0.01,0.01,0.48,2.12,4.17,3.15,3.15,3.76,4.33,3.21,2.74,1.72,1.73
2025-05-21,4.03,3.88,4.47,5.51,5.87,5.18,6.69,8.77,13.3,9.96,10.14,5.64,4.27,3.74,3.07,4.26,7.6,12.68,8.89,6.75,7.65,6.47,5.13,5.9,6.66,7.53
2025-05-22,4.73,3.08,2.36,1.95,1.45,2.17,4.48,5.08,5.02,4.24,3.23,2.54,1.94,2.1,2,2.3,2.26,2.57,4.05,3.12,3.04,3,2.58,1.62,2.95,2.95
2025-05-23,2.97,2.77,2.79,2.96,3.5,4.28,5.37,9.47,11.21,6.76,5.51,6.92,4.94,4.19,3.8,3.47,4.47,3.9,4.21,4.14,4,4.25,3.86,4.07,4.74,5.29
2025-05-24,3.95,2.57,1.65,1.39,1.22,0.58,1.46,1.78,2.36,1.53,0.19,0.11,0.06,-0.14,-0.1,-0.02,-0.03,1.76,2.75,4.21,3.89,3.74,2.72,1.75,1.64,1.06
2025-05-25,2.67,2.19,3.53,3.5,3.34,2.13,1.75,2,1.41,1.29,0.54,0.59,0.54,-0.02,-0.07,0.03,2.02,2.52,4.4,4.41,4.11,3,1.69,0.02,1.98,1.47
2025-05-26,0.08,-0.24,-0.23,-0.07,-0.04,2.31,2.52,2.85,3.95,2.71,2.03,0.56,0.21,-0.04,-0.03,0.37,0.65,2.19,2.68,3.28,3.32,2.94,2.48,1.46,1.5,1.55
2025-05-27,0.94,1.19,1.26,1.3,2.41,2.89,4.13,6.04,5.58,4.63,0.42,-0.03,-0.11,-0.02,-0.04,-0.96,-0.22,-0.03,-0.04,0.97,0.43,0.01,-0.01,-0.18,1.27,0.85
2025-05-28,-1.2,-2.1,-2.13,-1.1,-0.48,0.04,0.5,2.05,1.3,0.91,1.07,1.3,0.93,1.25,2.11,4.14,4.69,6.13,7.35,7.75,7.52,7.07,6.76,5.97,2.58,3.24
2025-05-29,5.53,6.24,6.48,6.97,7.54,7.2,8.07,7.85,8.82,11.99,7.67,3.42,2.65,2.63,2.23,4.26,4.83,12.93,10.11,9.8,9.99,9.76,9.04,8.6,7.28,6.78
2025-05-30,8.29,7.49,7.38,6.87,7.07,6.78,8.5,11.66,16.51,13.04,4.55,2.5,1.02,1.24,0.33,0.45,1.69,6.29,11.59,11.77,11.74,8.16,7.97,4.55,6.98,5.92
2025-05-31,0.23,0.53,0.56,0.13,0.2,0.33,1.93,2.34,2.29,0.64,-0.08,-0.52,-2.22,-9.34,-5.41,-1.55,-0.05,1.3,0.85,1.23,0.07,0.05,0.04,0.04,-0.27,-1.07
2025-06-01,-0.03,-0.02,-0.02,-0.02,0.39,0.42,0.98,2.78,1.78,0.02,-0.32,-2.04,-3.24,-4.99,-4.99,-1.79,0.03,2.32,4.67,4.04,3.72,2.8,1.53,0.04,0.34,-0.38
2025-06-02,0.4,0,-0.02,-0.19,-0.15,-0.02,0.03,0.09,0.22,1.75,1.67,1.26,1.58,1.36,1.24,0.58,2.35,3.09,4.91,5.15,5.29,4.6,2.62,1.59,1.64,2.1
2025-06-03,0.02,0.54,0.36,1.21,1.75,2.25,5.14,5.46,5.82,6.29,4.93,3.23,2.27,2.28,2.55,3.71,4.33,4.9,5.1,4.22,3.45,2.26,1.3,0.9,3.09,4.14
2025-06-04,-1.33,-2.87,-2.94,-2.83,-2.59,0.06,0.62,2.66,2.74,2.56,1.58,1.57,0.65,0.01,0.01,0,0.03,-0.02,-0.01,0.08,0.05,-0.04,-0.03,-0.89,-0.04,0.77
2025-06-05,-1.29,-1.3,-1.51,-1.41,-1.51,0.13,1.35,1.55,2.17,2.33,0.95,2.17,1.34,1.52,0.03,0.75,0.05,1.27,2.26,3.18,2.85,2.81,1.74,0.63,0.92,1.5
2025-06-06,0.4,0.49,0.64,0.81,1.42,2.68,3.24,5.31,5.25,5.8,3.95,3.16,2.34,1.88,1.62,0.79,2.21,0.5,2.82,4.28,5.23,5.31,5,4.27,2.89,2.88
2025-06-07,2.78,1.97,0.83,0.43,0.39,0.7,1.44,1.24,1.3,0.88,0.81,0.39,0.43,0.51,0.41,0.73,0.99,1.73,0.71,1.12,0.95,1.45,1.27,0.48,1,0.83
2025-06-08,1.07,0.69,0.59,0.79,1.02,1.06,2.52,3.61,1.28,0.98,0.18,0.26,0.37,1,0.97,1.21,1.73,4.24,5.43,6.17,6.41,6.52,6.28,5.18,2.48,1.99
2025-06-09,4.62,3.73,3.22,3.38,5.73,7.4,7.53,7.71,6.04,4.18,3.02,2.4,0.88,-0.6,-0.05,1.83,3.25,4.89,6.34,6.36,5.42,5.07,3.47,2.41,4.09,3.21
2025-06-10,2.36,1.37,2.26,2.82,3.88,5.62,7.56,9.92,9.16,9.87,12.16,11.28,13.14,13.41,11.99,10.31,8.63,9.15,9.15,7.96,8.12,9.22,8.57,7.97,8.16,10.52
2025-06-11,10.32,9.88,8.54,8.36,8.03,8.37,10.14,16.42,17.66,17.11,16.66,4.93,2.8,1.11,0.45,0.21,2.66,4.86,4.75,4.82,4.98,4.18,3.32,1.73,7.18,6.5
2025-06-12,2.14,1.34,0.85,0.8,0.56,1.21,3.57,4.35,4.63,5,2.18,0.41,0.03,0.76,1.15,2.21,4.08,6.91,7.14,7.5,7.81,6.99,6.4,5.21,3.47,3.5
2025-06-13,5.17,4.53,3.51,3.21,4.11,5.32,6.12,6.76,7.17,6.85,4.2,0.69,0.37,0.16,0.27,0.56,2.3,4.44,4.53,4.98,4.25,2.03,1.2,0.16,3.45,3.04
2025-06-14,0.44,0.74,1.77,2.15,2.18,2.11,3.4,4.78,4.27,1,-0.61,-4.74,-13.78,-18.61,-20.3,-3.25,0,3.27,2.91,0.8,4.44,4.13,4.03,2.92,-0.66,-4.09
2025-06-15,0.21,-0.01,0.65,0.89,1.01,2.51,4.26,5.02,5.12,4.5,0.94,-0.02,-1.17,-5.36,-3.23,-0.52,2.28,5.64,5.26,4.89,4.56,3.44,2.71,0.96,1.86,1.53
2025-06-16,0.73,0.41,0.19,-0.03,0.2,1.59,3.51,5,5.88,5.55,5.66,5.98,4.05,2.64,2.99,4.1,5.29,5.19,4.88,4.68,4.03,3.57,2.82,1.75,3.36,4.74
2025-06-17,0.56,-0.9,-2.09,-2.22,-0.79,1.82,3.21,4.4,5.17,5.09,4.24,3.16,2.15,0.95,1.63,2,4.43,5.37,5.58,5.55,5.12,5.12,2.32,2.13,2.67,3.78
2025-06-18,0.24,0.18,0.14,0.47,0.77,2.14,1.82,2.73,3.78,3.91,4.4,2.26,0.93,0.52,0.45,0.74,2.68,3.77,3.76,4.32,3.8,3.52,2.34,0.36,2.08,2.63
2025-06-19,0.33,0.18,-0.01,0.1,0.15,2.3,3.09,3.68,4.12,2.75,0.6,-0.08,-1.62,-1.94,-2.16,-1.65,-1.25,0.65,1.43,1.81,1.95,1.79,1.36,0.7,0.76,0.22
2025-06-20,1.89,1.69,2.03,1.95,2.33,3.79,4.74,5.06,4.95,4.53,3.14,-0.18,-3.15,-4.01,-3.45,-0.43,4.97,6.09,7.15,8.26,10.39,6.65,6.41,5.98,3.37,2.32
2025-06-21,3.29,2.89,2.44,0.99,0.39,0.64,0.64,0.44,0.2,-1.08,-1.69,-1.56,-11.92,-20.23,-20.21,-3.38,0.22,4.27,5.83,5.79,5.56,5.69,5.71,4.88,-0.43,-3.65
2025-06-22,3.93,4.08,4.23,5.16,6.04,6.29,6.59,6.4,3.36,0.04,-3.26,-5.99,-5.62,-5.17,-8.61,-5.76,-0.92,4.05,5.81,4.98,4.67,3.78,4.2,1.94,1.68,-1.42
2025-06-23,2.22,0.23,0.14,0.34,0.34,1.94,3.19,4.49,4.5,4.3,2.15,2.23,0.95,0.08,0.32,0.47,0.79,1.45,3,5.15,4.88,5.04,4.34,0.91,2.23,2.12
2025-06-24,2.45,1.4,0.86,0.45,0.49,2.56,4.01,6.03,4.1,2.33,0.46,0.23,-1.42,-0.31,-0.47,0,-0.63,3.7,4.27,4.35,2.78,4.66,3,1.36,1.94,1.38
2025-06-25,-0.54,-1.46,-0.38,-0.81,-0.86,-7.03,-3.64,1.45,2.17,2.05,3.6,1.24,0.96,0.09,-0.17,-1.19,-4.52,-1.56,4.47,4.68,4.53,4.02,3.44,2.73,0.55,0.99
2025-06-26,2.01,2.28,2.37,2.85,4.31,5.54,6.52,12.67,15.72,17.21,16.48,21.48,12.14,21.24,23.03,30.01,21.65,39.74,16.88,6.82,5.94,5.03,4.66,3.55,12.51,20.2
2025-06-27,4.65,4.74,5.03,5.15,5.59,6.28,7.41,9.55,38.55,40.23,31,23.2,11.65,6.26,4.02,4,3.62,3.9,3.81,4.23,4.52,4.48,4.17,4.1,10.01,14.54
2025-06-28,3.11,2.63,2.55,2.59,2.79,3.72,4.78,5.69,6.43,3.66,0.3,0.07,-0.59,-1.9,-1.59,0,1.11,2.71,4.7,4.68,4.06,2.78,1.25,0.29,2.33,1.63
2025-06-29,1.5,0.39,0.27,0.23,0.1,-0.05,-0.02,-0.23,-0.62,-0.02,-0.82,-1.78,-5.14,-18.21,-20.91,-13.18,-1.29,0.25,0.72,2.29,2.25,1.77,0.64,0.24,-2.15,-4.89
2025-06-30,0.18,0.16,-0.02,0.13,0.19,1.5,2.24,2.78,2.95,2.75,2.78,2.52,2.14,1.54,1.98,2.6,2.76,2.9,3.98,4.26,4.61,4.49,3.84,2.77,2.33,2.76
2025-07-01,3.2,3.38,3.23,3.09,3,3.81,5.49,5.94,5.99,5.22,5.23,5.47,4.5,3.86,3.42,3.24,4.56,4.69,3.12,2.24,2.21,2.94,2.57,3.24,3.9,4.3
2025-07-02,2.64,3.02,3.21,3.31,3.39,3.95,4.52,5.6,5.99,6.99,8.26,8.6,6.47,6.31,7.61,12.14,10.49,7.57,7.12,11.72,10.94,6.27,5.94,5.64,6.57,8.27
2025-07-03,5.84,5.36,5.04,4.37,3.86,4.63,5.42,6.9,6.44,4.6,4.12,3.41,1.99,0.76,0.75,1.01,1.85,2.54,3.08,2.68,2.49,0.44,0.17,-0.79,3.21,2.77
2025-07-04,-0.26,-0.88,-1,-1.11,-0.7,-0.49,0.19,0.39,-0.02,0.67,1.59,1.39,0.57,-0.04,-0.14,0.35,2.8,4.93,6.01,5.63,5.22,5.14,5.29,5.53,1.71,1.98
